alias;nome_prodotto
 PRIMITIVO DI PUGLIA IGT; PRIMITIVO DI PUGLIA IGT
 PRIMITIVO DI PUGLIA IGT; PRIMITIVO DI PUGLIA IGT ROSATO
10 CAPSULE PER CAFFÈ PRESSO;10 CAPSULE PER CAFFÈ PRESSO
10 CAPSULE PER CAFFÈ PRESSO;10 CAPSULE PER CAFFÈ PRESSO COVIN
10 CAPSULE PER CAFFÈ PRESSO;CAPSULE PER CAFFÈ PRESSO COVIN
4 BISTECCHINE DI MARE;4 BISTECCHINE DI MARE
4 BISTECCHINE DI MARE;4 BISTECHINE DI MARE
4 UOVA FRESCHE;4 UOVA FRESCHE
4 UOVA FRESCHE;6 UOVA FRESCHE
4 UOVA FRESCHE BIOLOGICHE;4 UOVA FRESCHE BIOLOGICA
4 UOVA FRESCHE BIOLOGICHE;4 UOVA FRESCHE BIOLOGICHE
ACETO BALSAMICO DI MODENA;ACETO BALSAMICO DI MODENA
ACETO BALSAMICO DI MODENA;ACETO BALSAMICO DI MODENA IGP
ACETO BALSAMICO DI MODENA;ACETO BALSAMICO DI MODENA IGP PONTI
ACETO DI ALCOL BRILLACETO;ACETO DI ALCOL BRILLACETO
ACETO DI ALCOL BRILLACETO;ACETO DI ALCOL BRILLACETTO
ACQUA ALPI COZIE;ACQUA ALP COZIE
ACQUA ALPI COZIE;ACQUA ALPI COZIE
ACQUA SANT'ANNA NATURALE;ACQUA NATURALE SANT'ANNA
ACQUA SANT'ANNA NATURALE;ACQUA SANT'ANNA NATURALE
ACQUA VALMORA NATURALE;ACQUA NATURALE VALMORA
ACQUA VALMORA NATURALE;ACQUA VALMORA NATURALE
ADDITIVO DISINFETTANTE NAPISAN;ADDITIVO DISINFETTANTE NAPISAN
ADDITIVO DISINFETTANTE NAPISAN;ADDITIVO DISINFETTANTE NIPASAN
AFFETTATI VEGETALI STUFFER;AFFETTATI VEGETALI STUFFER
AFFETTATI VEGETALI STUFFER;AFFETTATI VEGETALI STUPPER
ALBICOCCHE;ALBICOCCE
ALBICOCCHE;ALBICOCCHE
AMMORBIDENTE CHANTECLAIR;AMMORBIDENTE CHANTECLAIR
AMMORBIDENTE CHANTECLAIR;AMMORBIDENTE CHANTRECLAIR
AMMORBIDENTE CONCENTRATI CHANTE CLAIR;AMMORBIDENTE CONCENTRATI CHANTE CLAIR
AMMORBIDENTE CONCENTRATI CHANTE CLAIR;AMMORBIDENTE I CONCENTRATI CHANTE CLAIR
AMMORBIDENTE CONCENTRATI CHANTE CLAIR;AMMORBIDENTE I CONCENTRATI CHANTE CLAIRE
AMMORBIDENTE CONCENTRATO SCALA;AMMORBIDENTE CONCENTRATO SCALA
AMMORBIDENTE CONCENTRATO SCALA;AMMORBIDENTE SCONTRATO SCALA
AMMORBIDENTE CONCENTRATO VERNEL;AMMORBIDENTE CONCENTRATO VERT
AMMORBIDENTE CONCENTRATO VERNEL;AMMORBIDENTE CONCENTRATO VEST
AMMORBIDENTE SPUMA DI SCAMPAGNA;AMMORBIDENTE PROFUMATO SPUMA DI SCAMPAGNA
AMMORBIDENTE SPUMA DI SCAMPAGNA;AMMORBIDENTE SPUMA DI SCAMPAGNA
AMMORBIDENTE SPUMA DI SCIAMPAGNA;AMMORBIDENTE CONCENTRATO SPUMA DI CHAMPAGNA
AMMORBIDENTE SPUMA DI SCIAMPAGNA;AMMORBIDENTE CONCENTRATO SPUMA DI SCIAMPAGNA
AMMORBIDENTE SPUMA DI SCIAMPAGNA;AMMORBIDENTE SPUMA DI SCIAMPAGNA
ANELLI E GUFFI DI CALAMARO;ANELLI E CHUFFI DI CALAMARO
ANELLI E GUFFI DI CALAMARO;ANELLI E CIUFFI DI CALAMARO
ANELLI E GUFFI DI CALAMARO;ANELLI E GUFFI DI CALAMARO
ANELLI E GUFFI DI CALAMARO;CALAMARO INDOPACIFICO ANELLI E CIUFFI
ANTIPASTO DEL RE;ANTIPASTO DEL RE
ANTIPASTO DEL RE;L'ANTIPASTO DEL RE
ARACHIDI IN GUSCIO TOSTATE;ARACHIDI IN GUSCIO TOSTATE
ARACHIDI IN GUSCIO TOSTATE;ARACHIDI IN GUSCIO TOSTATE KOMETE
ASADO PER GRIGLIA DI BOVINO ADULTO;ASADO PER GRIGLIA DI BOVINO ADULTO
ASADO PER GRIGLIA DI BOVINO ADULTO;FETTINE DI BOVINO ADULTO PER FERRI
ASADO PER GRIGLIA DI BOVINO ADULTO;FETTINE DI BOVINO ADULTO PER PIZZAIOLA
ASADO PER GRIGLIA DI BOVINO ADULTO;FETTINE DI BOVINO ADULTO PER SCALOPPINE
ASADO PER GRIGLIA DI BOVINO ADULTO;FETTINE PER GRIGLIA DI BOVINO ADULTO
ASADO PER GRIGLIA DI BOVINO ADULTO;FETTINE PER SCALOPPINE DI BOVINO ADULTO
ASCIUGATUTTO BRAVO;ASCIUGATTO BRAVO
ASCIUGATUTTO BRAVO;ASCIUGATUTO BRAVO
ASCIUGATUTTO BRAVO;ASCIUGATUTTO BRAVO
ASCIUGATUTTO CHRISTMAS;ASCIUGATTO CHRISTMAS
ASCIUGATUTTO CHRISTMAS;ASCIUGATUTO CHRISTMAS
ASCIUGATUTTO CHRISTMAS;ASCIUGATUTTO CHRISTMAS
ASCIUGATUTTO MONOROTOLO MAXIROLL;ASCIUGATORE MONOROTOLO MAXIROLL
ASCIUGATUTTO MONOROTOLO MAXIROLL;ASCIUGATUTTO MONOROTOLO MAXIROLL
BABI MUFFIN CLASSICO;BABI MUFFIN CLASSIC
BABI MUFFIN CLASSICO;BABI MUFFIN CLASSICO
BACON PANCETTA TESA;BACON PANCETTA TESA
BACON PANCETTA TESA;BACON PARCHETTA TESA
BAGNODOCCIA FELCE AZZURRA;BAGNODOCCIA FELCE AZZURRA
BAGNODOCCIA FELCE AZZURRA;BAGNODOCCIA FELZE AZZURRA
BAGNODOCCIA NEUTRO MED;BAGNODOCCIA NEUTRO MED
BAGNODOCCIA NEUTRO MED;BAGNODOCCIA NEUTRO MEL
BAGNODOCCIA NEUTROMED;BAGNODOCCIA NEUTROMED
BAGNODOCCIA NEUTROMED;BANDOCCIA NEUTROED
BAIOCCHI MULINO BIANCO;BAIOCCHI MULINO BIANCO
BAIOCCHI MULINO BIANCO;BAIOCCI MULINO BIANCO
BAIOCCHI MULINO BIANCO;BAIOCHI MULINO BIANCO
BARATTOLINO SUBLIME SAMMONTANA;BARATTOLINO SUBLIME SAMMONTANA
BARATTOLINO SUBLIME SAMMONTANA;BARATTOLINO SUBLIME SAMONTANA
BARBERA DEL MONFERRATO DOC;BARBERA DEL MONFERRAT DOC
BARBERA DEL MONFERRATO DOC;BARBERA DEL MONFERRATO DOC
BASE PER FOCACCIA ROTONDA;BASE PER FOCACCIA ROTONDA
BASE PER FOCACCIA ROTONDA;BASE PER FOCCACIA ROTONDA
BASE PER PIZZA STUFFER;BASE PER PIZZA RETTANGOLARE
BASE PER PIZZA STUFFER;BASE PER PIZZA STUFFER
BASE PER PIZZA STUFFER;BASE PER PIZZA STUFFER RETTANGOLARE
BASTONCINI DI MERLUZZO IMPANATI;BASTONCINI DI MERLUZZO IMPANATI
BASTONCINI DI MERLUZZO IMPANATI;BASTONCINI DI MERLUZZO IMPANATI PREFRITTI
BASTONCINI DI PESCE IMPANATI;10 BASTONCINI DI PESCE IMPANATI
BASTONCINI DI PESCE IMPANATI;BASTONCINI DI PESCE IMPANATI
BASTONCINI VERDURE SPINACI;BASTONCINI VERDURE SPINACI
BASTONCINI VERDURE SPINACI;BASTONCINI VERDURE, SPINACI
BESCIAMELLA GRANAROLO;BESCHAMELLA GRANAROLO
BESCIAMELLA GRANAROLO;BESCIAMELLA GRANAROLO
BEVANDA 100% VEGETALE NON È LATTE ALPRO;BEVANDA 100% VEGETALE NON È LATTE ALPRO
BEVANDA 100% VEGETALE NON È LATTE ALPRO;BEVANDA 100% VEGETALE NON È LATTE ALPRO CLASSICO
BEVANDA DI FRUTTA ZERO PFANNER;BEVANDA DI FRUTTA DI FRUTTA ZERO ZUCCHERI PFANNER
BEVANDA DI FRUTTA ZERO PFANNER;BEVANDA DI FRUTTA ZERO PFANNER
BEVANDA DI FRUTTA ZERO PFANNER;BEVANDA DI FRUTTA ZERO ZUCCHERO PFANNER
BEVANDA DI FRUTTA ZERO ZUCCHERI AGGIUNTI TFAHNNER;BEVANDA DI FRUTTA ZERO ZUCCHERI AGGIUNTI SPAINNER
BEVANDA DI FRUTTA ZERO ZUCCHERI AGGIUNTI TFAHNNER;BEVANDA DI FRUTTA ZERO ZUCCHERI AGGIUNTI TFAHNNER
BEVANDA PLANT PROTEIN ALPRO;BEVANDA PLANT PROTEIN 50G ALPRO
BEVANDA PLANT PROTEIN ALPRO;BEVANDA PLANT PROTEIN ALPRO
BEVANDA RIDUZIONE COLESTEROLO ALPLI;BEVANDA RIDUZIONE COLESTEROLO ALPLI
BEVANDA RIDUZIONE COLESTEROLO ALPLI;BEVANDA RIDUZIONE COLESTEROLO ALPRO
BEVANDA VEGETALE ALPRO;BEVANDA VEGETALE ALPRO
BEVANDA VEGETALE ALPRO;BEVANDE VEGETALI ALPRO
BEVANDE DI FRUTTA;BEVANDA DI FRUTTA
BEVANDE DI FRUTTA;BEVANDE DI FRUTTA
BIANCA LIEVE DA MONTARE UHT;BIANCA LIEVE DA MONTARE GOHUTA
BIANCA LIEVE DA MONTARE UHT;BIANCA LIEVE DA MONTARE UHT
BIETA ERBETTA A CUBETTI;BIETA BERETTA A CUBETTI
BIETA ERBETTA A CUBETTI;BIETA ERBETTA I CUBETTI
BIRRA CERES STRONG ALE;BIRRA CERES STRONG ALE
BIRRA CERES STRONG ALE;BIRRA STRONG ALE 7 CERES
BIRRA CERES STRONG ALE;BIRRA STRONG ALE 7,7 CERES
BIRRA CERES STRONG ALE;BIRRA STRONG ALE CERES
BIRRA DAMN LEHMON;BIRRA DAMM LEHMON
BIRRA DAMN LEHMON;BIRRA DAMN LEHMON
BIRRA KOZEL PREMIUM LAGER;BIRRA KOZEL PREMIUM LAGER
BIRRA KOZEL PREMIUM LAGER;BIRRA PREMIUM LAGER KOZEL
BIRRA PERONI NASTRO AZZURRO;BIRRA NASTRO AZZURRO PERONI
BIRRA PERONI NASTRO AZZURRO;BIRRA PERONI NASTRO AZZURRO
BISCOTTI ARMONIA MULINO BIANCO;BISCOTTI ARMONIA HULINO BIANCO
BISCOTTI ARMONIA MULINO BIANCO;BISCOTTI ARMONIA MULINO BIANCO
BISCOTTI ARMONIA MULINO BIANCO;BISCOTTI ARMONIA MULINO BIANCO CIOCCOAVENA
BISCOTTI COLUSSI;BISCOTTI COLUSSE
BISCOTTI COLUSSI;BISCOTTI COLUSSI
BISCOTTI COLUSSI ZUPPALATTE;BISCOTTI COLLESSI ZUPPALLETTE
BISCOTTI COLUSSI ZUPPALATTE;BISCOTTI COLUSI ZUPPALETTE
BISCOTTI DEL LAGACCIO PANARELLO;BISCOTTI DEL LACAGGIO PANARELLO
BISCOTTI DEL LAGACCIO PANARELLO;BISCOTTI DEL LACAGLIACO PANARELLO
BISCOTTI DEL LAGACCIO PANARELLO;BISCOTTI DEL LAGACCIO PANARELLO
BISCOTTI DEL LAGACCIO PANARELLO;BISCOTTI DEL LAGGACIO PANARELLO
BISCOTTI DEL LAGACCIO PANARELLO;BISCOTTI DEL LEPAGCIO PANARELLO
BISCOTTI E CEREALI NIPIOL;BISCOTTI E CEREALI NIPOL
BISCOTTI E CEREALI NIPIOL;BISCOTTINI 6 CEREALI NIPIOL
BISCOTTI FIBREXTRA MISURA;BISCOTTI FIBRETTRA MISURA
BISCOTTI FIBREXTRA MISURA;BISCOTTI FIBREXTRA MISURA
BISCOTTI MULINO BIANCO;BISCOTTATE MULINO BIANCO
BISCOTTI MULINO BIANCO;BISCOTTI MULINO BIANCO
BISCOTTI ZERO-PIU' BALOCCO;BISCOTTI ZERO-PIÙ BALOCCO
BISCOTTI ZERO-PIU' BALOCCO;BISCOTTI ZEROPÙ BALOCCO
BISCOTTI ZUPPALETTE COLUSSI;BISCOTTI ZUPPALATTE COLUSSI
BISCOTTI ZUPPALETTE COLUSSI;BISCOTTI ZUPPALETTE COLUSSI
BISTECCHINE DI MARE;BISTECCHINE DI MARE
BISTECCHINE DI MARE;BISTECHINE DI MARE
BOCCONCINI IN SALSA PER CANI BETTE;BOCCONCINI IN SALSA PER CANI BETTE
BOCCONCINI IN SALSA PER CANI BETTE;BOCCONCINI IN SALSA PER GATTI BETTE
BOCCONCINI PER CANI SIMBA;BOCCONCINI PER CANI SIMBA
BOCCONCINI PER CANI SIMBA;BOCCONCINI PER GATTI SIMBA
BOCCONCINI PER GATTI BUFFALO;BOCCONCINI PER CANI BUFFALO
BOCCONCINI PER GATTI BUFFALO;BOCCONCINI PER GATTI BUFFALO
BOLLITO DI BOVINO ADULTO;BOLLITO DI BOVINO ADULTO
BOLLITO DI BOVINO ADULTO;BOLLITO MAGRO DI BOVINO ADULTO
BONARDA DELL'OLTREPO' PAVESE DOC;BONARDA OLTREPÒ PAVESE DOC
BONARDA DELL'OLTREPO' PAVESE DOC;BONHARA OLTREPÒ PAVESE DOC
BONARDA DELL'OLTREPO' PAVESE DOC;BONHARDA DELL'OLTREPPO PAVESE DOC
BONARDA DELL'OLTREPPO PAVESE DOC;BONARDA DELL'OLTREPO PAVESE DOC
BONARDA DELL'OLTREPPO PAVESE DOC;BONHARDA DELL'OLTREPÒ PAVESE DOC
BONARDA OLTREPÒ PAVESE DOC LE ROVOLE;BONARDA DELL'OLTREPÒ PAVESE DOC LE ROVOLE
BONARDA OLTREPÒ PAVESE DOC LE ROVOLE;BONARDA OLTREPÒ PAVESE DOC LE ROVOLE
BOTTIGLIA CON GANCIO DISNEY;BOTIGLIA CON GANCIO DISNEY+
BOTTIGLIA CON GANCIO DISNEY;BOTTIGLIA CON GANCIO DISNEY
BRACIOLE DI SUINO;BRACIOLA DI SUINO
BRACIOLE DI SUINO;BRACIOLE DI SUINO
BRESAOLA DELLA VALTELLINA IGP;BRESAOLA DELLA VALTELLINA IGP
BRESAOLA DELLA VALTELLINA IGP;BRESAOLA DELLA VALTELLINA IGP RIGAMONTI
BRESAOLA DELLA VALTELLINA IGP;BRESAOLA VALTELLINA IGP RIGAMONTI
BRESAOLA PUNTA D'ANCA IGP RIGAMONTI;BRESAOLA IGP PUNTA D'ANCA RIGAMONTI
BRESAOLA PUNTA D'ANCA IGP RIGAMONTI;BRESAOLA PUNTA D'ANCA IGP RIGAHONTI
BRESAOLA PUNTA D'ANCA IGP RIGAMONTI;BRESAOLA PUNTA D'ANCA IGP RIGAMONTI
BRESAOLA PUNTA D'ANCA IGP RIGAMONTI;BRESAOLA VALTELLINA IGP RIGAMONTI PUNTA D'ANCA
BRESAOLA SOTTOFESA;BRESAOLA SOTTOFESA
BRESAOLA SOTTOFESA;BRESOLA SOTTOFESA
BRODO LIQUIDO MANZO, VEGETALE;BRODO LIQUIDO MANZO, VEGETALE
BRODO LIQUIDO MANZO, VEGETALE;BRODO LIQUIDO VEGETALE, MANZO
BRUSCHETTE GUSTO MEDITERRANEO, NATURALE;BRUSCHETTE GUSTO MEDITERRANEO, NATURALE
BRUSCHETTE GUSTO MEDITERRANEO, NATURALE;LE BRUSCHETTE GUSTO MEDITERRANEO, NATURALE
BUDINO CACAO VANIGLIA CREME CARAMEL;BUDINO CACAO VANIGLIA CREMA CARAMEL
BUDINO CACAO VANIGLIA CREME CARAMEL;BUDINO CACAO VANIGLIA CREME CARAMEL
BUGIE CHIACCHIERE;BUGIE CHIACCHIERE
BUGIE CHIACCHIERE;CHIACCHIERE, BUGIE
BURGER VEGETALE;BURGER VEGETALE
BURGER VEGETALE;BURGER VEGETALI
BURRO BIO PARMAREGGIO;BURRO BIO PARMAREGGIO
BURRO BIO PARMAREGGIO;BURRO BIO PARMEGGIO
BUTTAFUOCO OLTREPO PAVESE DOC;BUTTAFUCCO OLTREPO PAVESE DOC
BUTTAFUOCO OLTREPO PAVESE DOC;BUTTAFUOCO OLTREPO PAVESE DOC
CAFFE' INTERMEZZO SEGAFREDO;CAFFÈ INTERMEZZO SAFREDDO
CAFFE' INTERMEZZO SEGAFREDO;CAFFÈ INTERMEZZO SEGAFREDDO
CAFFE' INTERMEZZO SEGAFREDO;CAFFÈ INTERMEZZO SEGAFREDO
CAFFÈ BAR CASA ESPRESSO;CAFFÈ BAR CASA ESPRESSO
CAFFÈ BAR CASA ESPRESSO;CAFFÈ BAR CASA ESPRESSO MACINATO
CAFFÈ COVIM ORA;CAFFÈ COVIM ORA
CAFFÈ COVIM ORA;CAFFÈ ORA COVIM
CAFFÈ CREMA E GUSTO LAVAZZA;CAFFE CREMA E GUSTO LAVAZZA
CAFFÈ CREMA E GUSTO LAVAZZA;CAFFÈ CREMA E GUSTO LAVAZZA
CAFFÈ CREMA E GUSTO LAVAZZA;CAFFÈ CREMA E GUSTO LAVAZZA CLASSICO
CAFFÈ CREMA E GUSTO LAVAZZA;CAFFÈ ESPRESSO CREMA E GUSTO LAVAZZA
CAFFÈ CREMA E GUSTO LAVAZZA;CAFFÈ ESPRESSO CREMA E GUSTO LAVAZZA CLASSICO
CAFFÈ CREMA E GUSTO LAVAZZA;CAFFÈ FORTE CREMA E GUSTO LAVAZZA
CAFFÈ CREMA E GUSTO LAVAZZA;CAPSULE CREMA E GUSTO LAVAZZA
CAFFÈ CREMA E GUSTO LAVAZZA;CAPSULE LAVAZZA CREMA E GUSTO
CAFFÈ QUALITÀ ORO LAVAZZA;CAFFÈ QUALITÀ ORO LAVAZZA
CAFFÈ QUALITÀ ORO LAVAZZA;CAFFÈ QUALITÀ ROSSA LAVAZZA
CALVÉ MAIONESE CLASSICA;CALVÉ MAIONESE CLASSICA
CALVÉ MAIONESE CLASSICA;MAIONESE CALVÉ CLASSICA
CAMOMILLA SOLUBILE CON MELATONINA;CAMOMILLA CON MELATONINA SOGNIDORO
CAMOMILLA SOLUBILE CON MELATONINA;CAMOMILLA CON MELATONINA SOGNIDORO SOLUBILE
CAMOMILLA SOLUBILE CON MELATONINA;CAMOMILLA SOLUBILE CON MELATONINA
CAMOMILLA SOLUBILE CON MELATONINA;CAMOMILLA SOLUBILE CON MELATONINA RISTORTE
CANDEGGINA CLASSICA SCALA;CANDEGGINA CLASSICA SCALA
CANDEGGINA CLASSICA SCALA;CANDEGGINA SCALA CLASSICA
CANESTRELLI;CANESTRELLI
CANESTRELLI;CANESTRELLINI
CAPRINO DI LATTE VACCINO;CAPRINO A LATTE VACCINO
CAPRINO DI LATTE VACCINO;CAPRINO DI LATTE VACCINO
CAPSULE LAVAZZA A MODO MIO;CAPSULE LAVAZZA A MODO MIO
CAPSULE LAVAZZA A MODO MIO;CAPSULE LAVAZZA A MODO MIO SUERTE
CARAMELLE BOODOM VAMPIRE FINI;CARAMELLE BOODOM VAMPIRE FINI
CARAMELLE BOODOM VAMPIRE FINI;CARAMELLE BOOOM VAMPIRE FINI
CARPACCIO DI BRESAOLA PUNTA D'ANCA;CARPACCIO DI BRESAOLA PUGLIA D'ANCA RIGAMONTI
CARPACCIO DI BRESAOLA PUNTA D'ANCA;CARPACCIO DI BRESAOLA PUNTA D'ANCA
CARPACCIO DI BRESAOLA PUNTA D'ANCA;CARPACCIO DI BRESAOLA PUNTA D'ANCA RIGAMONTI
CARPACCIO DI BRESAOLA PUNTA D'ANCA;CARPACCIO DI BRESOLA PUNTA D'ANCA RIGAMONTI
CARTA CASA TUTTOFARE SCOTTEX;CARTA CASA TUTTOFARE SCOFFEX
CARTA CASA TUTTOFARE SCOTTEX;CARTA CASA TUTTOFARE SCOTTEX
CARTA DA CUCINA QUANTO BASTA SCOTTEX;CARTA DA CUCINA GIUANTO BASTA SCOTTEX
CARTA DA CUCINA QUANTO BASTA SCOTTEX;CARTA DA CUCINA QUANTO BASTA SCOTTEX
CARTA DA CUCINA QUANTO BASTA SCOTTEX;CARTA DA CUCINA QUINTO BASTA SCOTTEX
CARTA IGIENICA MAXI SCOTTEX;CARTA IGIENICA LA MAXI SCOTTEX
CARTA IGIENICA MAXI SCOTTEX;CARTA IGIENICA MAXI SCOTTEX
CARTA IGIENICA PULITO COMPLETO SCOTEX;CARTA IGIENICA PULITO COMPLETO SCOTEX
CARTA IGIENICA PULITO COMPLETO SCOTEX;CARTA IGIENICA PULITO COMPLETO SCOTTEX
CEREALI NESQUIK;CEREALI NESQUIK
CEREALI NESQUIK;NESQUIK CEREALI
CHE SUGO! BIFFI GUSTI ASSORTITI;CHE SUGO! BIFFI GUSTI ASSORTITI
CHE SUGO! BIFFI GUSTI ASSORTITI;CHE SUGO! BIFI GUSTI ASSORTISTI
CIALDE CRASTAN ESPRESSO;CIALDE CRASTAN ESPRESSO
CIALDE CRASTAN ESPRESSO;CIALDE ESPRESSO CRASTAN
CIAMBELLA ZUCCHERATA;CIAMBELLA ZUCCHERATA
CIAMBELLA ZUCCHERATA;CIAMBELLE ZUCCHERATE
CIBO PER CANI ALMO NATURE;CIBO PER CANI ALMO NATURE
CIBO PER CANI ALMO NATURE;CIBO PER CANI DAILY ALMO NATURE
CIBO PER CANI ALMO NATURE;CIBO PER GATTI ALMO NATURE
CIBO PER CANI ALMO NATURE;CIBO PER GATTI HOLISTIC ALMO NATURE
CIBO PER CANI ALMO NATURE;CROCCANTINI PER CANI DAILY ALMO NATURE
CIBO PER CANI ALMO NATURE;CROCCHETTE PER GATTI ALMO NATURE
CIBO PER CANI ALMO NATURE;LETTIERA PER GATTI ALMO NATURE
CIBO PER CANI ALMO NATURE;VACCHETTA PER GATTI ALMO NATURE
CIBO PER CANI SPECIAL DOG;BOCCONCINI PER CANI SPECIAL DOG
CIBO PER CANI SPECIAL DOG;BOCCONCINI PER GATTI SPECIAL DOG
CIBO PER CANI SPECIAL DOG;BOCCONI PER CANI SPECIAL DOG
CIBO PER CANI SPECIAL DOG;CIBO PER CANI SPECIAL DOG
CIBO PER CANI SPECIAL DOG;CROCCHETTE PER CANI EXCELLENCE SPECIAL DOG
CIBO PER CANI SPECIAL DOG;CROCCHETTE PER CANI SPECIAL DOG
CIBO PER CANI SPECIAL DOG;PATÈ PER CANI SPECIAL DOG
CIOCCOLATINI AL LATTE HAPPY CHRISTMAS;CIOCCOLATINI AL LATTE HAPPY CHRISTMAS
CIOCCOLATINI AL LATTE HAPPY CHRISTMAS;CIOCCOLATINI AL LATTE RIPIENI HAPPY CHRISTMAS
CIOCCOLATINI ASSORTITI PIACERI INFINITI;CIOCCOLATINI ASSORTITI PIACERI INFINITI
CIOCCOLATINI ASSORTITI PIACERI INFINITI;CIOCCOLATINI ASSORTITI PIACERI INFINITI MONARDO
CIOCCOLATINI NOVI;CIOCCOLATI NOVI
CIOCCOLATINI NOVI;CIOCCOLATINI NOVI
COCA COLA CLASSICA;COCA COLA CLASSICA
COCA COLA CLASSICA;COCA COLA CLASSICO
COCA COLA CLASSICA ZERO;BIBITE COCA COLA / FANTA / SPRITE
COCA COLA CLASSICA ZERO;COCA COLA / FANTA / SPRITE
COCA COLA CLASSICA ZERO;COCA COLA CLASSICA ZERO
COCA COLA CLASSICA ZERO;COCA COLA CLASSICA ZERO FANTA CLASSICA
COCA COLA CLASSICA ZERO;COCA COLA CLASSICA ZERO FANTA SPRITE
COCA COLA CLASSICA ZERO;COCA COLA CLASSICA ZERO ZUCCHERI
COCA COLA CLASSICA ZERO;COCA COLA CLASSICA, COCA COLA ZERO, FANTA
COCA COLA CLASSICA ZERO;COCA COLA CLASSICA, COCA COLA ZERO, FANTA, SPRITE
COCA COLA CLASSICA ZERO;COCA COLA CLASSICA, COCA COLA ZERO, SPRITE
COCA COLA CLASSICA ZERO;COCA COLA CLASSICA, FANTA, SPRITE
COCA COLA CLASSICA ZERO;COCA COLA CLASSICA, ZERO
COCA COLA CLASSICA ZERO;COCA COLA ZERO CLASSICA
COCA COLA CLASSICA ZERO;COCA COLA ZERO ZUCCHERI
COCA COLA CLASSICA ZERO;COCA COLA ZERO ZUCCHERI CLASSICA
COCA COLA CLASSICA ZERO;COCA COLA, COCA COLA ZERO, FANTA
COCA COLA CLASSICA ZERO;COCA COLA, COCA COLA ZERO, FANTA, SPRITE
COCA COLA ZERO;COCA COLA ZERO
COCA COLA ZERO;COCA COLA, COCA COLA ZERO
CODE DI GAMBERO ARGENTINO;CODE DI GAMBERI ARGENTINA
CODE DI GAMBERO ARGENTINO;CODE DI GAMBERO ARGENTINO SGUSCIATE
CODE DI GAMBERO ARGENTINO;CODE DI GAMBERO ARGENTINO SQUEEZATE
COLORAZIONI PER CAPELLI OLIA;COLORAZIONI PER CAPELLI COLOR SENSATION GARNIER
COLORAZIONI PER CAPELLI OLIA;COLORAZIONI PER CAPELLI GARNIER SENSATION
COLORAZIONI PER CAPELLI OLIA;COLORAZIONI PER CAPELLI OLIA
COLORAZIONI PER CAPELLI OLIA;COLORAZIONI PER CAPELLI OLIA GARNIER
CONDIMENTO CONDISANO DANTE;CONDIMENTO CONDISANO DANTE
CONDIMENTO CONDISANO DANTE;CONDIMENTO CONSANTO DANTE
CONDIRISO SACLA';CONDIRISO SACLÀ
CONDIRISO SACLA';CONDIRSO SACLÀ
CONFETTI DI FRUTTA ASSORTITA MENZ & GASSER;CONFETTI DI FRUTTA ASSORTITA MENZ & GASSER
CONFETTI DI FRUTTA ASSORTITA MENZ & GASSER;CONFETTURE DI FRUTTA ASSORTITA MENZ & GASSER
CONFETTI GUSTI ASSORTITI;CONFETTI GUSTI ASSORTITI
CONFETTI GUSTI ASSORTITI;CONFETTURA GUSTI ASSORTITI
CONFETTURA VIRTÙ DI FRUTTA BIO OROGEL;CONFETTURA DI FRUTTA VIRTÙ BIO OROGEL
CONFETTURA VIRTÙ DI FRUTTA BIO OROGEL;CONFETTURA VIRTÙ DI FRUTTA BIO ORIOGEL
CONFEZIONE ALBERO MAGICO DI COSTA;CONFEZIONE ALBERO MAGICO DI COSTA
CONFEZIONE ALBERO MAGICO DI COSTA;CONFEZIONE MAGICO ALBERO DI COSTA
CONFEZIONE PELUCHE WITORS;CONFEZIONE PELUCHE WITOR'S
CONFEZIONE PELUCHE WITORS;CONFEZIONE PELUCHE WITORS
CONO CINQUE STELLE SAMMONTANA;CONO CINQUE STELLE SAMMONTANA
CONO CINQUE STELLE SAMMONTANA;CONO CINQUE STELLE SAMMONTANA CROCCANTINO
CONO PANNA MACABEA PANNA E CACAO;CONO PANNA MACABEA PANNA E CACAO
CONO PANNA MACABEA PANNA E CACAO;CONO PANNA PENNA E CACAO, AMARENA
CONO PANNA MACABEA PANNA E CACAO;CONO PANNA, AMARENA, PANNA E CACAO
CONTORNO CON VERDURE GRIGLIATE;CONTORNO CON VERDURE GRIGLIATE
CONTORNO CON VERDURE GRIGLIATE;CONTORNO GHIOTTO CON VERDURE GRIGLIATE
CONTORNO GHIOTTO CON VERDURE GRIGLIATE;CONTORNO GHIOTTO CON VERDURE GRIGLIATE
CONTORNO GHIOTTO CON VERDURE GRIGLIATE;CONTORNO GHOTTO CON VERDURE GRIGLIATE
CONTORNO PATATE ZUCCHINE E CIPOLLA;CONTORNO PATATE ZUCCHINE CIPOLLA ROSSA
CONTORNO PATATE ZUCCHINE E CIPOLLA;CONTORNO PATATE ZUCCHINE E CIPOLLA
CONTORNO PATATE ZUCCHINE E CIPOLLA;CONTORNO PATATE ZUCCHINE E CIPOLLA ROSSA
COPPA DI SUINO A FETTE;COPPA A FETTE DI SUINO
COPPA DI SUINO A FETTE;COPPA DI SUINO A FETTE
COPPA DI SUINO A FETTE;COSCIA DI SUINO A TRANCI
COPPA DI SUINO A FETTE;LONZA DI SUINO A FETTE
COPPA DI SUINO A FETTE;LONZA DI SUINO A TRANCI
COPPA GELATO;COPPA GELATO
COPPA GELATO;COPPE GELATO
COPPO DI SUINO CON OSSO;BRACIOLE DI COPPA CON OSSO
COPPO DI SUINO CON OSSO;BRACIOLE DI COPPA SENZA OSSO
COPPO DI SUINO CON OSSO;COPPA DI MAIALE SENZA OSSO
COPPO DI SUINO CON OSSO;COPPA DI SUINO CON OSSO
COPPO DI SUINO CON OSSO;COPPA DI SUINO SENZA OSSO
COPPO DI SUINO CON OSSO;COPPO DI SUINO CON OSSO
COPPO DI SUINO CON OSSO;TRANCIO DI SUINO CON OSSO
CORDON BLEU AIA CLASSICO;CORDON BLEU AIA CLASSICI
CORDON BLEU AIA CLASSICO;CORDON BLEU AIA CLASSICO
CORIANDOLI;CORIANDOLI
CORIANDOLI;CORIANDOLI*
CORNETTO ALGIDA CLASSICO;CORNETTO ALGIDA CLASSICO
CORNETTO ALGIDA CLASSICO;CORNETTO CLASSICO ALGIDA
COSCETTE DI POLLO PER GRIGLIA;COSCETTE DI POLLO PER GRIGLIA
COSCETTE DI POLLO PER GRIGLIA;RUSTICHELLE DI POLLO PER GRIGLIA
COSCIOTTI DI POLLO;COSCETTE DI POLLO
COSCIOTTI DI POLLO;COSCIOTTI DI POLLO
COSCIOTTI DI POLLO;COSCIOTTO DI POLLO
COSCIOTTI DI POLLO;COSCOTTI DI POLLO
COSCIOTTO DI TACCHINO;COSCIOTTI DI TACCHINO
COSCIOTTO DI TACCHINO;COSCIOTTO DI TACCHINO
COSTATA DI BOVINO ADULTO;COSTATA DI BOVINO ADULTO
COSTATA DI BOVINO ADULTO;COSTATE DI BOVINO ADULTO
COTECHINO COTTO MODENA IGP;COTECHINO COTTO DI MODENA IGP
COTECHINO COTTO MODENA IGP;COTECHINO COTTO MODENA IGP
COTOLETTA VEGETARIANA VALSOIA;COTOLETTA VEGETARIANA VALSOIA
COTOLETTA VEGETARIANA VALSOIA;COTOLETTE VEGETARIANE VALSOIA
COZZE CILENE SGUSCIATE;COZZE CILENE SGUESCIATE
COZZE CILENE SGUSCIATE;COZZE CILENE SGUSCIATE
COZZE SGUSCIATE;COZZE SGUISCIATE
COZZE SGUSCIATE;COZZE SGUSCIATE
CRACKERS GRAN PAVESI;CRACKER GRAN PAVESI
CRACKERS GRAN PAVESI;CRACKERS GRAN PAVESI
CREMA DI YOGURT MÜLLER;CREMA DI YOGURT HÜLLER BIANCO
CREMA DI YOGURT MÜLLER;CREMA DI YOGURT MÜLLER
CREMA DI YOGURT MÜLLER;CREMA DI YOGURT MÜLLER BIANCO
CREME CARAMEL HIGH PROTEIN MILK PRO;CREMA CARAMEL HIGH PROTEIN MILK PRO
CREME CARAMEL HIGH PROTEIN MILK PRO;CREME CARAMEL HIGH PROTEIN MILK PRO
CREME CARAMEL HIGH PROTEIN MILK PRO;CRÈME CARAMEL HIGH PROTEIN MILK PRO
CROCCANTINI PER CANI PREMIUM;CROCCANTINI PER CANI PREMINUM
CROCCANTINI PER CANI PREMIUM;CROCCANTINI PER CANI PREMIUM
CROCCANTINI PER GATTI CIUFFI;CROCCANTINI PER CANI CIUFFI
CROCCANTINI PER GATTI CIUFFI;CROCCANTINI PER GATTI CIUFFI
CROCCANTINI PER GATTI CIUFFI;CROCCONTINI PER GATTI CIUFFI
CROCCHETTE PER CANI PREMIUM;CROCCHETTE PER CANI PREMIUM
CROCCHETTE PER CANI PREMIUM;CROCCHETTE PER CANI PRIMIUM
CROCCHETTE PER CANI PREMIUM;CROCCHETTE PER GATTI PREMIUM
CROCCOLE OMEGA 3 FINDUS;2 CROCCOLE CON OMEGA 3 FINDUS
CROCCOLE OMEGA 3 FINDUS;CROCCOLE CON OMEGA 3 FINDUS
CROCCOLE OMEGA 3 FINDUS;CROCCOLE OMEGA 3 FINDUS
CUBETTI COCKTAIL PREMIUM ICE CUBE;CUBETTI COCKTAIL PREMIUM ICE CUBE
CUBETTI COCKTAIL PREMIUM ICE CUBE;CUBETTI COCKTAIL PREMIUM ICE CUBES
CUCCIOLONE CLASSICO ALGIDA;CUCCIOLONE ALGIDA CLASSICO
CUCCIOLONE CLASSICO ALGIDA;CUCCIOLONE CLASSICO ALGIDA
CUOR DI CIOBAR;CIOBAR CUOR DI CIOBAR
CUOR DI CIOBAR;CUORI DI CIOBAR
DANETTE DANONE VANIGLIA CIOCCOLATO;DANETTE DANONE CIOCCOLATO, VANIGLIA
DANETTE DANONE VANIGLIA CIOCCOLATO;DANETTE DANONE VANIGLIA CIOCCOLATO
DENTIFRICIO COLGATE ADVANCED WHITE;DENTIFRICIO ADVANCED WHITE COLGATE
DENTIFRICIO COLGATE ADVANCED WHITE;DENTIFRICIO COLGATE ADVANCED WHITE
DENTIFRICIO COLGATE WHITENING;DENTIFRICIO COLGATE WHITENING
DENTIFRICIO COLGATE WHITENING;DENTIFRICIO WHITENING COLGATE
DENTIFRICIO MENTADENT;DENTIFRICE MENTADENT
DENTIFRICIO MENTADENT;DENTIFRICIO MENTADENT
DENTIFRICIO TRIPLE ACTION COLGATE;DENTIFRICIO COLGATE TRIPLE ACTION
DENTIFRICIO TRIPLE ACTION COLGATE;DENTIFRICIO TRIPLE ACTION COLGATE
DEODORANTE ROLL-ON DOVE;DEODORANTE ROLL-ON DOVE
DEODORANTE ROLL-ON DOVE;DEODORANTI ROLL-ON DOVE
DEODORANTE ROLL-ON NIVEA; DEODORANTE ROLL-ON NIVEA
DEODORANTE ROLL-ON NIVEA;DEODORANTE ROLL-ON NIVEA
DESSERT BUDINO VEG MÜLLER;DESSERT BUDINO AL CIOCCOLATO VEG MÜLLER
DESSERT BUDINO VEG MÜLLER;DESSERT BUDINO VEG MÜLLER
DESSERT BUDINO VEG MÜLLER;DESSERT BUDINO VEG MÜLLER CIOCCOLATO
DESSERT CHOCO ESPRESSO;DESSERT CHOCO ESPRESSO
DESSERT CHOCO ESPRESSO;DESSERT CHOCO, ESPRESSO
DETERGENTE INTERNO FELCE AZZURRA;DETERGENTE INTIME FELCE AZZURRA
DETERGENTE INTERNO FELCE AZZURRA;DETERGENTE INTIMO FELCE AZZURRA
DETERGENTE INTIMO;DETERSENTE INTIMO
DETERGENTE INTIMO;DETERSIGENTE INTIMO
DETERGENTE INTIMO NEUTROMED;DETERGENTE INTIME NEUTROMED
DETERGENTE INTIMO NEUTROMED;DETIGENTE INTIMO NEUTROMED
DETERGENTE RAVVIVA EMULSIONE;DETERGENTE RAVVIVA EMULSIO
DETERGENTE RAVVIVA EMULSIONE;DETERGENTE RAVVIVANTE EMULSIONE
DETERGENTE TUTTE LE SUPERFICI PRIL;DETERGENTE TUTTE LE SUPERFICI BREF
DETERGENTE TUTTE LE SUPERFICI PRIL;DETERGENTE TUTTE LE SUPERFICI PRIL
DETERGENTE VETRI;DETERGENTE TRIP
DETERGENTE VETRI;DETERGENTE VETRIL
DETERGENTE VETRI VALIDO;DETERGENTE VALIDO VETRI
DETERGENTE VETRI VALIDO;DETERGENTE VETRI VALIDO
DETERSIVO LAVATRICE FELCE AZZURRA;DETERSIVO LAVATRICE FELCE AZZURRA
DETERSIVO LAVATRICE FELCE AZZURRA;DETERSIVO PER LAVATRICE FELCE AZZURRA
DETERSIVO LAVATRICE MARSIGLIA CHANTECLAIR;DETERSIVO LAVATRICE MARSIGLIA CHANTE CLAIR
DETERSIVO LAVATRICE MARSIGLIA CHANTECLAIR;DETERSIVO LAVATRICE MARSIGLIA CHANTECLAIR
DETERSIVO LIQUIDO DIXAN CLASSICO;DETERSIVO LIQUIDO DIXAN CLASSICO
DETERSIVO LIQUIDO DIXAN CLASSICO;DETERSIVO LIQUIDO LAVATRICE CLASSICO DIXAN
DETERSIVO LIQUIDO DIXAN CLASSICO;LIQUIDO LAVATRICE DIXAN CLASSICO
DETERSIVO PER LAVATRICE SCALA;DETERSIVO IGIENIZZANTE PER LAVATRICE SCALA
DETERSIVO PER LAVATRICE SCALA;DETERSIVO LAVATRICE IGIENIZZANTE SCALA
DETERSIVO PER LAVATRICE SCALA;DETERSIVO PER LAVATRICE SCALA
DETERSIVO PER PIATTI LIMONE;DETERSIVO PER PIATTI CIF LIMONE
DETERSIVO PER PIATTI LIMONE;DETERSIVO PER PIATTI LIMONE
DETERSIVO PER PIATTI LIMONE;DETERSIVO PIATTI CIF LIMONE
DETERSIVO PIATTI NELSEN;DETERSIVO PIATTI HELEN
DETERSIVO PIATTI NELSEN;DETERSIVO PIATTI HELSEN
DETERSIVO PIATTI NELSEN;DETERSIVO PIATTI NELSEN
DETERSIVO UNIVERSALE GENERAL;DETERGIVO UNIVERSALE GENERAL
DETERSIVO UNIVERSALE GENERAL;DETERSIVO GENERAL UNIVERSALE
DISCOCIOK;DISCOCIOCK
DISCOCIOK;DISCOCIOK
DIXAN POWER CAPS;DIXAN POWER CAPS
DIXAN POWER CAPS;POWER CAPS DIXAN
DOCCIA FELCE AZZURRA;DOCCIA FELCE AZZURRA
DOCCIA FELCE AZZURRA;DOC{C}A FELCE AZZURRA
DOLCI AUGURI;CONFEZIONE DOLCI AUGURI
DOLCI AUGURI;DOLCI AUGURI
DOLCI PRONTI PROFITEROLES/TIRAMISU;DOLCI PRONTI PROFITEROLES,TIRAMISÙ
DOLCI PRONTI PROFITEROLES/TIRAMISU;DOLCI PRONTI PROFITEROLES/TIRAMISU
ENERGY DRINK RED BULL;ENERGY DRINK RED BULL
ENERGY DRINK RED BULL;ENERGY DRINK RED BULL CLASSICA
EXTRA POWER MILLEMACCHIE;EXTRA POWER MILLEMACCHIE
EXTRA POWER MILLEMACCHIE;EXTRA POWER MILLEMACHIE
FAGOLOSI GRISSIN BON;FAGOLOSI GRESSIN BON
FAGOLOSI GRISSIN BON;GRISSIN BON FAGOLOSI
FARINA DI GRANO TENERO TIPO 0;"FARINA DI GRANO TENERO TIPO ""00"""
FARINA DI GRANO TENERO TIPO 0;"FARINA DI GRANO TENERO TIPO ""O"""
FARINA DI GRANO TENERO TIPO 0;FARINA DI GRANO TENERO TIPO 0
FARINA TIPO 00;FARINA TIPO 0
FARINA TIPO 00;FARINA TIPO 00
FARINA TIPO 1 GRANO TENERO;FARINA TIPO 0,1 GRANO TENERO
FARINA TIPO 1 GRANO TENERO;FARINA TIPO 1 GRANDI TENERO
FARINA TIPO 1 GRANO TENERO;FARINA TIPO 1 GRANO TENERO
FARINATA GENOVESE APPETAIS;FARINATA GENOVESE APPETITE
FARINATA GENOVESE APPETAIS;FARINATE GENOVESE APPETETAIS
FAVE;FAVE
FAVE;FAVE CONFEZIONE
FAZZOLETTI SCOTTEX TUTTIGIORNI;FAZZOLETTI SCOTTEX TUTTIGIORNI
FAZZOLETTI SCOTTEX TUTTIGIORNI;FAZZOLETTI TUTTIGIORNI SCOTTEX
FAZZOLETTI TUTTI GIORNI SCOTTEX;FAZZOLETTI TUTTI GIORNI SCOTTEX
FAZZOLETTI TUTTI GIORNI SCOTTEX;FAZZOLETTI TUTTI I GIORNI SCOTTEX
FECOLA DI PATATE AMIDO DI MAIS PANEANGELI;AMIDO DI MAIS, FECOLA DI PATATE PANEANGELI
FECOLA DI PATATE AMIDO DI MAIS PANEANGELI;FECOLA DI PATATE AMIDO DI MAIS PANEANGELI
FERRO DA STIRO MILORD 7850 TERMOZETA;FERRO DA STIRO MILORD 7800 TERMOZETTA
FERRO DA STIRO MILORD 7850 TERMOZETA;FERRO DA STIRO MILORD 7850 TERMOZETA
FESA DI TACCHINO A FETTE;FESA DI TACCHINO A FETTE
FESA DI TACCHINO A FETTE;FESA DI TACCHINO A TRANCI
FESA DI TACCHINO A FETTE;FESA DI TACCHINO A TRANCIO
FETA DOP A CUBETTI;FETA DOP A CUBETTI
FETA DOP A CUBETTI;FETA GRECA DOP A CUBETTI
FETTE BISCOTTATE COLUSSI CEREALI INTEGRALI;FETTE BISCOTTATE COLUSSI CEREALI INTEGRALI
FETTE BISCOTTATE COLUSSI CEREALI INTEGRALI;FETTE BISCOTTATE COLUSSI CLASSICHE, INTEGRALI
FETTE DI COTECHINO SENZA GLUTINE;FETTE DI COTECCHINO SENZA GLUTINE
FETTE DI COTECHINO SENZA GLUTINE;FETTE DI COTECHINO SENZA GLUTINE
FETTINE CON EMMENTALER SVIZZERO TIGRE;FETTINE CON EMMENTALER SVIZZERO TIGRE
FETTINE CON EMMENTALER SVIZZERO TIGRE;FETTINE DI EMMENTALER SVIZZERO TIGRE
FETTINE DI BOVINO ADULTO;ARROSTO DI BOVINO ADULTO
FETTINE DI BOVINO ADULTO;ARROSTO DI COSCIA DI BOVINO ADULTO
FETTINE DI BOVINO ADULTO;ARROSTO DI SOTTOFILETTO DI BOVINO ADULTO
FETTINE DI BOVINO ADULTO;ARROSTO SCELTO DI BOVINO ADULTO
FETTINE DI BOVINO ADULTO;FETTINE DI BOVINO ADULTO
FETTINE DI BOVINO ADULTO;FETTINE DI COSCIA DI BOVINO ADULTO
FETTINE DI BOVINO ADULTO;FETTINE MAGRE DI BOVINO ADULTO
FETTINE DI BOVINO ADULTO;FETTINE SCELTE DI BOVINO ADULTO
FETTINE DI BOVINO ADULTO;FETTINE SCELTISSIME DI BOVINO ADULTO
FETTINE DI BOVINO ADULTO;FETTINE SOTTILISSIME DI BOVINO ADULTO
FETTINE DI BOVINO ADULTO;SOTTILISSIME DI BOVINO ADULTO
FETTINE DI BOVINO ADULTO;SOTTOFILETTO DI BOVINO ADULTO
FETTINE DI CHEDDAR CHED UP BURGER;FETTINE CON CHEDDAR CHED UP BURGER
FETTINE DI CHEDDAR CHED UP BURGER;FETTINE DI CHEDDAR CHED UP BURGER
FETTINE DI EMENTALER SVIZZERO TIGRE;FETTINE DI EMENTALER SVIZZERO TIGRE
FETTINE DI EMENTALER SVIZZERO TIGRE;FETTINE DI EMENTALZER SVIZZERO TIGRE
FETTINE DI EMENTALER SVIZZERO TIGRE;FETTINE DI EMMENTALER SYVEZERO TIGRE
FETTINE DI FORMAGGIO;FETTINE DI FORMAGGIO
FETTINE DI FORMAGGIO;FETTINE DI FORMAGGIO BON TONTE
FETTUCCINE ALL'UOVO AGNESI;FETTUCCINE ALL'UOVO AGNESI
FETTUCCINE ALL'UOVO AGNESI;FETTUCINE ALL'UOVO AGNESI
FILETTI DI ACCIUGHE;FILETTI DI ACCIUGHE
FILETTI DI ACCIUGHE;FILETTI DI ACCOUGHE
FILETTI DI ALICI ALL'OLIO DI GIRASOLE;FILETTI DI ACCHIUGHE ALL'OLIO DI GIRASOLE
FILETTI DI ALICI ALL'OLIO DI GIRASOLE;FILETTI DI ALICI ALL'OLIO DI GIRASOLE
FILETTI DI ALICI DEL MAR RIZZOLI;FILETTI DI ALICI DEL MAR CANTABRICO RIZZOLI
FILETTI DI ALICI DEL MAR RIZZOLI;FILETTI DI ALICI DEL MAR RIZZOLI
FILETTI DI ALICI DELICIUS;FILETTI DI ALICCI PER PIZZA DELICIUS
FILETTI DI ALICI DELICIUS;FILETTI DI ALICI DELICHINE
FILETTI DI ALICI DELICIUS;FILETTI DI ALICI DELICIOUS
FILETTI DI ALICI DELICIUS;FILETTI DI ALICI DELICIUS PIZZA
FILETTI DI ALICI DELICIUS;FILETTI DI ALICI DISTESE DELICIUS
FILETTI DI ALICI DELICIUS;FILETTI DI ALICI PER PIZZA DELICIUS
FILETTI DI ALICI DELICIUS;FILETTI DI ALICI PIZZA DELICIUS
FILETTI DI ALICI IN OLIO DI SEMI;FILETTI DI ALICI IN OLIO DI OLIVA
FILETTI DI ALICI IN OLIO DI SEMI;FILETTI DI ALICI IN OLIO DI OLIVA DELICATESSEN
FILETTI DI ALICI IN OLIO DI SEMI;FILETTI DI ALICI IN OLIO DI OLIVA DELICIUS
FILETTI DI ALICI IN OLIO DI SEMI;FILETTI DI ALICI IN OLIO DI SEMI
FILETTI DI ALICI IN OLIO DI SEMI;FILETTI DI SARDINE IN OLIO DI OLIVA
FILETTI DI ALICI IN OLIO DI SEMI;FILETTO DI ALICI IN OLIO DI OLIVA
FILETTI DI MERLUZZO CROCCANTE;FILETTI DI MERLUZZO CROCCANTE
FILETTI DI MERLUZZO CROCCANTE;FILETTI DI MERLUZZO CROCCANTI
FILETTI DI MERLUZZO CROCCANTI;CROCCANTI DI FILETTI DI MERLUZZO
FILETTI DI MERLUZZO CROCCANTI;CROCCANTI FILETTI DI MERLUZZO
FILETTI DI MERLUZZO D'ALASKA;FILETTI DI MERLUZZO ALASKA
FILETTI DI MERLUZZO D'ALASKA;FILETTI DI MERLUZZO D'ALASKA
FILETTI DI PLATESSA ALLA MUGNAIA;FILETTI DI PLATESSA ALLA MUGNAIA
FILETTI DI PLATESSA ALLA MUGNAIA;FILETTI DI PLATESSA ALLA MUNGAIA
FILETTI DI SALMONE SELVAGGIO;CUORI DI FILETTI DI SALMONE SELVAGGIO
FILETTI DI SALMONE SELVAGGIO;FILETTI DI SALMONE SELVAGGIO
FILETTI DI SGOMBRO DELICIUS;FILETTI DELICIUS DI SGOMBRO
FILETTI DI SGOMBRO DELICIUS;FILETTI DI SGOMBRO DELICIUS
FILETTI DI SGOMBRO DELICIUS;FILETTI DI SGOMBRO GRIGLIATO DELICIUS
FILETTI DI SGOMBRO DELICIUS;FILETTI DI SOMBRIGO GRIGLIATO DELICIUS
FILETTI DI TONNO AS DO MAR;FILETTI DI SALMONE AS DO MAR
FILETTI DI TONNO AS DO MAR;FILETTI DI TONNO AS DO MAR
FILETTI DI TONNO MARUZZELLA;FILETTI DI TONNO MARUZELLA
FILETTI DI TONNO MARUZZELLA;FILETTI DI TONNO MARUZZELLA
FILETTI DI TONNO NOSTROMO;FILETTI DI TONNO MOSTRONG
FILETTI DI TONNO NOSTROMO;FILETTI DI TONNO NOSTROMO
FILETTI DI TONNO NOSTROMO;FILETTI DI TONNO NOSTRONG
FILETTI DI TONNO PESCATO A CANNA ANGELO PARODI;FILETTI DI TONNO ANGELO PARINO PESCATO A CANNA
FILETTI DI TONNO PESCATO A CANNA ANGELO PARODI;FILETTI DI TONNO PESCATO A CANNA ANGELO PARODI
FILETTI DI TONNO PESCATO A CANNA ANGELO PARODI;FILETTO DI TONNO PESCATO A CANNA ANGELO PARODI
FILETTI DI TONNO RIO MARE;FILETTI DI SGOMBRO GRIGLIATI RIO MARE
FILETTI DI TONNO RIO MARE;FILETTI DI SGOMBRO RIO MARE
FILETTI DI TONNO RIO MARE;FILETTI DI TONNO MARE APERTO
FILETTI DI TONNO RIO MARE;FILETTI DI TONNO RIO MARE
FILETTI DI TONNO RIO MARE;TRANCETTI DI TONNO RIO MARE
FILETTO DI TONNO ANGELO PARODI;FILETTI DI ACCHIUGHE ANGELO PARODI
FILETTO DI TONNO ANGELO PARODI;FILETTI DI ACCHIUGHE CANTABRICHE ANGELO PARODI
FILETTO DI TONNO ANGELO PARODI;FILETTI DI SALMONE ANGELO PARODI
FILETTO DI TONNO ANGELO PARODI;FILETTI DI SARDINE ANGELO PARODI
FILETTO DI TONNO ANGELO PARODI;FILETTI DI SGOMBRO ANGELO PARODI
FILETTO DI TONNO ANGELO PARODI;FILETTI DI TONGARELLO ANGELO PARODI
FILETTO DI TONNO ANGELO PARODI;FILETTI DI TONNO ANGELO PARINO
FILETTO DI TONNO ANGELO PARODI;FILETTI DI TONNO ANGELO PARODI
FILETTO DI TONNO ANGELO PARODI;FILETTO DI TONNO ANGELO PARODI
FILETTO DI TONNO ANGELO PARODI;TRANCIO DI TONNO ANGELO PARODI
FILETTO DI TONNO ANGELO PARODI;TRANCIO DI TONNO ANGELO PARODY
FIOCCHI DI AVENA INTEGRALE;FIOCCHI DI AVENA INTEGRALE
FIOCCHI DI AVENA INTEGRALE;FIOCCHINI DI AVENA INTEGRALE
FIOCCHI DI LATTE ALPI;FIOCCHI DI LATTE ALPI
FIOCCHI DI LATTE ALPI;FIOCCHI DI LATTE ALPLI
FIORI DI NASELLO FINDUS;4 FIORI DI NASELLO FINDUS
FIORI DI NASELLO FINDUS;FIORI DI NASELLO FINDUS
FISH POPS CROCCANTI DI MERLUZZO;FISH POPS CROCCANTI DI MERLUZZO
FISH POPS CROCCANTI DI MERLUZZO;FISH POPS DI MERLUZZO CROCCANTI
FOCACCINA ANTICA FORNERIA DI RECCO;FOCACCINA ANTICA FORNERIA DI RECCO
FOCACCINA ANTICA FORNERIA DI RECCO;FOCACCINA ANTICO FORNERIA DI RECCO
FORMAGGINI BEL PAESE GALBANI;FORMAGGINI BEL PAESE GALBANI
FORMAGGINI BEL PAESE GALBANI;FORMAGGINI DEL PAESE GALSANI
FORMAGGIO ALLA FRUTTA;FORMAGGIO ALLA FRUTTA
FORMAGGIO ALLA FRUTTA;FORMAGGIO ALLA FRUTTA MILK
FORMAGGIO ALTO PRATO;FORMAGGIO ALTO PRATO
FORMAGGIO ALTO PRATO;FORMAGGIO ALTO PRATO EMMENTAL BAVARESE
FORMAGGIO ALTO PRATO;FORNAGGIO ALTO PRATO
FORMAGGIO DURO ITALIANO;FORMAGGIO DURO ITALIANO
FORMAGGIO DURO ITALIANO;FORMAGGIO ITALIANO GRANAROLO
FORMAGGIO GRAN PIEMUNT;FORMAGGIO GRAN PIEMONT
FORMAGGIO GRAN PIEMUNT;FORMAGGIO GRAN PIEMUNT
FORMAGGIO GRECO;FORMAGGIO GRECO
FORMAGGIO GRECO;FORMAGGIO GRECO MERAKI
FORMAGGIO PRIMO SALE SICILIANO PEPATO;FORMAGGIO PRIMO SALE SICILIANO PEPATO
FORMAGGIO PRIMO SALE SICILIANO PEPATO;FORMAGGIO PRIMO SALE SICILIANO PEPERATO
FORMAGGIO PRIMO SALE SICILIANO PEPATO;FORNAGGIO PRIMO SALE SICILIANO PEPATO
FORMAGGIO PRIMO SALE SICILIANO PEPATO;PRIMO SALE SICILIANO PEPATO
FORMAGGIO SWISS SWITZERLAND FERRARI;FORMAGGIO SWIES SWITZERLAND FERRARI
FORMAGGIO SWISS SWITZERLAND FERRARI;FORMAGGIO SWISS SWITZERLAND FERRARI
FORMAGGIO SWISS SWITZERLAND FERRARI;FORMAGGIO SWISS SWITZERLAND FERRIERI
FORMAGGIO TELEMEA DE VACA;FORMAGGIO TELEMEA DE VACA
FORMAGGIO TELEMEA DE VACA;FORMAGGIO TELEMEA DE VACA BAYERNLAND
FORMAGGIO TELEMEA DE VACA;FORMAGGIO TELEMEA DE VACA EYBERNLAND
FORMAGGIO TELEMEA DE VACA;FORMAGGIO TELEMEA DI VACA BAYERNLAND
FROLLINO IL GRAN TURHESCU COLUSSI;FROLLINO IL GRAN TURGHESE COLUSSI
FROLLINO IL GRAN TURHESCU COLUSSI;FROLLINO IL GRAN TURHESCU COLUSSI
FRUTTAPEC CAMEO;FRUTTAPEC CAMEO
FRUTTAPEC CAMEO;FRUTTAPECA CAMEO
FRUTTOLO NESTLE' FRUTTA MISTA;FRUTTOLO NESTLÉ FRUTTA MISTA
FRUTTOLO NESTLE' FRUTTA MISTA;FRUTTOLOTO NESTLÉ FRUTTA MISTA
FUNGHI CHAMPIGNON;FUNGHI CHAMPIGNON
FUNGHI CHAMPIGNON;FUNGHI CHAMPIGNONS
FUSI E SOVRASCOSE DI POLLO;FUSI E SOVRACOSCE DI POLLO
FUSI E SOVRASCOSE DI POLLO;FUSI E SOVRASCOSCE DI POLLO
FUSI E SOVRASCOSE DI POLLO;FUSI E SOVRASCOSE DI POLLO
GAMBERETTI BOREALI SGUSCIATI;GAMBERETTI BOREALI SGUCCIATI
GAMBERETTI BOREALI SGUSCIATI;GAMBERETTI BOREALI SGUSCIATI
GAMBERI ARGENTINI SGUSCIATI;GAMBERI ARGENTINI SGUISCIATI
GAMBERI ARGENTINI SGUSCIATI;GAMBERI ARGENTINI SGUSCIATI
GAMBERI ARGENTINI SGUSCIATI;GAMBERI SGUSCIATI ARGENTINI
GAMBERO INDOPACIFICO SGUSCIATO;GAMBERO INDOPACIFICO SGUISCIATO
GAMBERO INDOPACIFICO SGUSCIATO;GAMBERO INDOPACIFICO SGUSCIATO
GASTRONOMIA INSALATA RUSSA INSALATA CAPRICCIOSA;GASTRONOMIA INSALATA CAPRICCIOSA, INSALATA RUSSA
GASTRONOMIA INSALATA RUSSA INSALATA CAPRICCIOSA;GASTRONOMIA INSALATA RUSSA INSALATA CAPRICCIOSA
GASTRONOMIA INSALATA RUSSA INSALATA CAPRICCIOSA;GASTRONOMIA INSALATA RUSSA, INSALATA CAMBICCIOSA
GEL TUTTO IN 1 PRIL;GEL LAVASTOVIGLIE TUTTO IN 1
GEL TUTTO IN 1 PRIL;GEL LAVASTOVIGLIE TUTTO IN 1 PRIL
GEL TUTTO IN 1 PRIL;GEL TUTTO IN 1 PRIL
GEL TUTTO IN 1 PRIL;PRIL GEL TUTTO IN 1
GELATO CARTE D'OR ALGIDA;GELATO CARTE D'OR ALGIDA
GELATO CARTE D'OR ALGIDA;GELATO CARTE D'OR ALGIDA GUSTASSORTITI
GELATO CARTE D'OR ALGIDA;GELATO CARTE D'OR CLASSICO ALGIDA
GELATO CARTE D'OR ALGIDA;GELATO CARTE DOR CLASSIC ALGIDA
GELATO CARTE DOR ALGIDA;GELATO CARTE D'OR CLASSIC ALGIDA
GELATO CARTE DOR ALGIDA;GELATO CARTE DOR ALGIDA
GENERAL UNIVERSALE;GENERAL UNIVERSALE
GENERAL UNIVERSALE;GENERAL UNIVERSILE
GHIACCIOLI ASSORTITI;GHIACCIOIOLI ASSORTITI
GHIACCIOLI ASSORTITI;GHIACCIOLLI ASSORTITI
GLASSA ALL'ACETO BALSAMICO PONTI;GLASSA ALL'ACETO BALSAMICO MODENAGP PONTI
GLASSA ALL'ACETO BALSAMICO PONTI;GLASSA ALL'ACETO BALSAMICO PONTI
GNOCHETTI SPATZLE AGLI SPINACI;GNOCCHETTI SPÄTZLE AGLI SPINACI
GNOCHETTI SPATZLE AGLI SPINACI;GNOCHETTI SPÄTZLE AGLI SPINACI
GORGONZOLA DOLCE DOP;GORGONZOLA DOLCE DOP
GORGONZOLA DOLCE DOP;GORGONZOLA DOP DOLCE
GORGONZOLA DOLCE DOP CUCCHIAIO;GORGONZOLA DOLCE DOP AL CUCCHIAIO
GORGONZOLA DOLCE DOP CUCCHIAIO;GORGONZOLA DOLCE DOP CUCCHIAIO
GORGONZOLA DOP BIO;GORGONZOLA DOP BIO
GORGONZOLA DOP BIO;GORGONZOLA DOP IGOR
GORGONZOLA DOP BIO IGOR;GORGONZOLA DOP BIG IGOR
GORGONZOLA DOP BIO IGOR;GORGONZOLA DOP BIO IGOR
GORGONZOLA DOP DOLCE GIM INVERNIZZI;GORGONZOLA DOLCE DOP GIM INVERNIZZI
GORGONZOLA DOP DOLCE GIM INVERNIZZI;GORGONZOLA DOLCE DOP GIN INVERNIZZI
GORGONZOLA DOP DOLCE GIM INVERNIZZI;GORGONZOLA DOP DOLCE GIM INVERNIZZI
GORGONZOLA DOP PICCANTE;GORGONZOLA DOP PICANTE
GORGONZOLA DOP PICCANTE;GORGONZOLA DOP PICCANTE
GORGONZOLA DOP SENZA LATTOSIO;GORGONZOLA DOP SENZA LATTOSIO
GORGONZOLA DOP SENZA LATTOSIO;GORGONZOLA DOP SENZA LATTOSO
GRAN BIRAGHI GRATTUGGIATO FRESCO;GRAN BIRAGHI GRATTUGGIATO FRESCO
GRAN BIRAGHI GRATTUGGIATO FRESCO;GRANA BIRAGHI GRATTUGIATO FRESCO
GRAN COPPA FAMIGLIA TONITTO;GRAN COPPA FAMIGLIA TOMITTO
GRAN COPPA FAMIGLIA TONITTO;GRAN COPPA FAMIGLIA TOMMITO
GRAN COPPA FAMIGLIA TONITTO;GRAN COPPA FAMIGLIA TOMMY
GRAN COPPA FAMIGLIA TONITTO;GRAN COPPA FAMIGLIA TRITTO
GRAN COPPA FAMIGLIA TONITTO;GRAN COPPA FAMIGLIA TUTTO
GRAN MIX GRATTUGIATO FERRARI CLASSICO;GRAN MIX GRATTUGIATO FERRARI CLASSICO
GRAN MIX GRATTUGIATO FERRARI CLASSICO;GRATTUGIATO FRESCO GRAN MIX FERRARI CLASSICO
GRAN MIX GRATTUGIATO FERRARI CLASSICO;GRATTUGIATO FRESCO GRAN MIX FERRARI PECORINO
GRAN SALSA DI NOCI IL PESTO DI PRA' BRUZZONE & FERRARI;GRAN SALSA DI NOCI IL PESTO DI PRÀ BRUZZONE & FERRARI
GRAN SALSA DI NOCI IL PESTO DI PRA' BRUZZONE & FERRARI;GRAN SALSA DI NOCI IL PORTO DI PRÀ BRUZZONE & FERZARI
GRAN TRADIZIONE;CONFEZIONE GRAN TRADIZIONE
GRAN TRADIZIONE;GRAN TRADIZIONE
GRAN VARIE COLUSSI MINI BISCOTTI;GRAN VARIE COLUSSI MINI BISCOTTI
GRAN VARIE COLUSSI MINI BISCOTTI;MINI BISCOTTI GRAN VARIE COLUSSI
GRAN VARIE COLUSSI MINI BISCOTTI;MINI BISCOTTI GRAN VARIÈ COLUSSI
GRAN VARIE COLUSSI MINI BISCOTTI;MINI BISCOTTI GRAN VARIÉ COLUSSI
GRANA PADANO DOP FERRARI;GRANA PADANO DOP ABRAZZIATO FRESCO
GRANA PADANO DOP FERRARI;GRANA PADANO DOP FERRARI
GRANA PADANO DOP FERRARI;GRANA PADANO DOP GRATTUGIATO FRESCO
GRANA PADANO DOP FERRARI;GRANA PADANO GRATTUGIATO BREVE DOP
GRANA PADANO DOP FERRARI;GRANA PADANO GRATTUGIATO FRESCO DOP
GRANA PADANO DOP FERRARI;GRANA PADANO RISERVA DOP FERRARI
GRANA PADANO DOP FERRARI;GRANA PADANO RISERVA DOP GRATTUGIATO
GRANA PADANO DOP FERRARI;GRANA PADANO RISERVA DOP GRATTUGIATO FERRARI
GRANA PADANO DOP FERRARI;GRANA PADANO RISERVA DOP GRATTUGIATO FRESCO
GRANA PADANO DOP FERRARI;GRANA PADANO RISERVA DOP GRATTUGIATO FRESCO FERRAGI
GRANA PADANO DOP FERRARI;GRANA PADANO RISERVA DOP GRATTUGIATO FRESCO FERRARI
GRANMISTO FUNGHI CON PORCINI;GRAMNISTO DI FUNGHI CON PORCINI
GRANMISTO FUNGHI CON PORCINI;GRANMISTO FUNGHI CON PORCINI
GRANMIX CUCINA GRATTUGIATO FRESCO;GRANMIX CUCINA GRATTUGIATO FRESCO
GRANMIX CUCINA GRATTUGIATO FRESCO;GRANMIX CUCINA GRATTUGIATO FRESCO FERRARI
GRAPPA AMARONE LORENZO INGA;GRAPPA AMARONE LORENZO INGA
GRAPPA AMARONE LORENZO INGA;GRAPPA BRUNELLO LORENZO INGA
GRAPPA AMARONE LORENZO INGA;GRAPPA LORENZO INGA AMARONE BRUNELLO
GRATTUGIATO FRESCO GRAN BIRAGHI;GRAN BIRAGHI GRATTUGIATO FRESCO BIRAGHI
GRATTUGIATO FRESCO GRAN BIRAGHI;GRATTIGIATO FRESCO GRAN BIRAGHI
GRATTUGIATO FRESCO GRAN BIRAGHINI;GRAN BIRAGHI GRATTUGIATO
GRATTUGIATO FRESCO GRAN BIRAGHINI;GRAN BIRAGHINI GRATTUGIATO
GRATTUGIATO FRESCO GRAN BIRAGHINI;GRATTUGIATO FRESCO GRAN BIRAGHI
GRATTUGIATO FRESCO GRAN BIRAGHINI;GRATTUGIATO FRESCO GRAN BIRAGHINI
GRATTUGIATO FRESCO GRAN BIRAGHINI;GRATTUGIATO FRESCO GRAN BIRAGHNI
GRATTUGIATO ITALIANO GRANAROLO;GRATTIGLIATO ITALIANO GRANAROLO
GRATTUGIATO ITALIANO GRANAROLO;GRATTUGIATO ITALIANO GRANAROLO
GRECANICO TERRE SICILIANE IGT;GRECANECO TERRE SICILIANE IGT
GRECANICO TERRE SICILIANE IGT;GRECANICO TERRE SICILIANE IGT
GRIGLIA PRONTA PER BARBECUE;GRIGLIA PRONTA PER BARBECUE
GRIGLIA PRONTA PER BARBECUE;GRIGLIA PRONTA PER BARBECUE RAPIDO
GRISSINI TORINESI STIRATI;GRISSINI TORINESI STIRATI
GRISSINI TORINESI STIRATI;GRISSINI TORNESI STRATI
GUSTO-GUSTO SENZA LATTOSIO;GUESTO-GUSTO SENZA LATTOSIO
GUSTO-GUSTO SENZA LATTOSIO;GUSTO-GUSTO SENZA LATTOSIO
GUTTURNIO DOC;GUTTURNIO DOC
GUTTURNIO DOC;GUTTURNO DOC
HFC HYDRATION HELP ALMO NATURE;HFC HYDRATION HELP ALMO NATURE
HFC HYDRATION HELP ALMO NATURE;MFC HYDRATION HELH ALMO NATURE
HIGH PROTEIN ALPLI PRO;BUDINO HIGH PROTEIN ALPLI
HIGH PROTEIN ALPLI PRO;BUDINO HIGH PROTEIN ALPLI PRO
HIGH PROTEIN ALPLI PRO;HIGH PROTEIN ALPL PRO
HIGH PROTEIN DRINK ALPLI;HIGH PROTEIN DRINK ALPLI
HIGH PROTEIN DRINK ALPLI;HIGH PROTEIN DRINK ALPLI PRO
HIGH PROTEIN MÜESLI CAMEO;HIGH PROTEIN MÜESLI CAMEO
HIGH PROTEIN MÜESLI CAMEO;HIGH PROTEIN MÜSLI CAMEO
HIGH PROTEIN STUFFER;HIGH PROTEIN STUFER
HIGH PROTEIN STUFFER;HIGH PROTEIN STUFFER
HIPRO DANONE;HIPRO DANONE
HIPRO DANONE;HIPRO ZANONE
HIPRO DANONE STRACCIATELLA MIRTILLO;HIPRO DANONE MIRTILLO, STRACCIATELLA
HIPRO DANONE STRACCIATELLA MIRTILLO;HIPRO DANONE STRACCIATELLA MIRTILLO
I GRAN PESTI IL PESTO DI PRÀ;I GRAN PESTI IL PESTO DI PRÀ
I GRAN PESTI IL PESTO DI PRÀ;I GRANDI PESTI IL PESTO DI PRA
IL BISCOTTO DEL LAGACCIO;IL BISCOTTO DEL LAGACCIO
IL BISCOTTO DEL LAGACCIO;IL BISCOTTO DEL LAGACCIO CLASSICO
IL CORNETTO MULINO BIANCO;IL CORNETTO CLASSICO MULINO BIANCO
IL CORNETTO MULINO BIANCO;IL CORNETTO MULINO BIANCO
IL CORNETTO MULINO BIANCO;IL CORNETTO MULINO BIANCO CLASSICO
IL FRESCO SPALMABILE NONNO NANNI;IL FRESCO SPALHABILE NONNO NANNI
IL FRESCO SPALMABILE NONNO NANNI;IL FRESCO SPALMABILE NONNO NANNI
IL MIO DADO STAR;IL MIO DADO CLASSICO STAR
IL MIO DADO STAR;IL MIO DADO STAR
IL PESTO DI PRÀ;GRAN PESTO IL PESTO DI PRA'
IL PESTO DI PRÀ;GRAN PESTO IL PESTO DI PRÀ
IL PESTO DI PRÀ;IL PESTO DI PRÀ
INSALATA CON TONNO ACTIVE PRO;INSALATA CON TONNO ACTIVE PRO
INSALATA CON TONNO ACTIVE PRO;INSALATA CON TONNO ACTIVE PRO MARBELLO
INSALATA CON TONNO ACTIVE PRO;INSALATA CON TONNO ACTIVE PRO MAREBLU
INSALATA DI MARE CON VERDURE;ANTIPASTO DI MARE CON VERDURE
INSALATA DI MARE CON VERDURE;ANTIPASTO DI MARE CON VERDURE MEDUSA
INSALATA DI MARE CON VERDURE;ANTIPASTO DI MARE REDUCA CON VERDURE
INSALATA DI MARE CON VERDURE;INSALATA DI MARE CON VERDURE
INSALATA DI RISO, INSALATA DI FARRO;INSALATA DI RISO, INSALATA DI FARRO
INSALATA DI RISO, INSALATA DI FARRO;INSALATE DI FARRO, INSALATA DI RISO
INSALATA KO ME TE;INSALATA ARCOBALENO KO ME TE
INSALATA KO ME TE;INSALATA KO ME TE
INSALATA MISTA MIORTO;INSALATA MISTA MIDOORTO
INSALATA MISTA MIORTO;INSALATA MISTA MIOGORTO
INSALATA MISTA MIORTO;INSALATA MISTA MIOORTO
INSALATA PEPERLIZIA PONTI;INSALATA PEPERLIZIA PONTI
INSALATA PEPERLIZIA PONTI;INSALATA PEPERLIZZA PONTI
INSALATA PER RISO POLLI;INSALATA PER RISO POLLI
INSALATA PER RISO POLLI;INSALATA PER RISO PONTI
INSALATA PER RISO SENZA OLIO;INSALATA PER BISO SENZA OLIO PONTI
INSALATA PER RISO SENZA OLIO;INSALATA PER RISO SENZA OLIO
INSALATA PER RISO SENZA OLIO;INSALATA PER RISO SENZA OLIO PONTI
INSALATA RUSSA CAPRICCIOSA;INSALATA CAPRICCIOSA RUSSA
INSALATA RUSSA CAPRICCIOSA;INSALATA RUSSA CAPRICCIOSA
INVERNIZZINA INVERZZI;INVERNIZZINA INVERMIZZI
INVERNIZZINA INVERZZI;INVERNIZZINA INVERNIZZI
INVERNIZZINA INVERZZI;INVERNIZZINA INVERZZI
KETCHUP HEINZ;KETCHUP BIO HEINZ
KETCHUP HEINZ;KETCHUP HEINZ
KETCHUP HEINZ;KETCHUP ZERO HEINZ
KETCHUP HEINZ;TOMATO KETCHUP HEINZ
KINDER BUENO;KINDER BUENO
KINDER BUENO;KINDERE BUENO
L'ABC DELLA MERENDA TENERONI GRAN TERE;L'ABC DELLA MERENDA TENERONI GRAN TERE
L'ABC DELLA MERENDA TENERONI GRAN TERE;L'ABC DELLA MERENDA TENERONI GRAN TERRE
L'ABC DELLA MERENDA TENERONI GRAN TERE;L'ABC DELLA MERENDA TENERONI GRAN TESE
LA CREMA VEGETALE VALSOIA;LA CREMA 100% VEGETALE VALSOIA
LA CREMA VEGETALE VALSOIA;LA CREMA VEGETALE VALSOIA
LA MINI PINSA ROMANA;LA MINI PINSA ROMANA
LA MINI PINSA ROMANA;LA MINI PINSA ROMANA LAMUTIGIANO
LA MINI PINSA ROMANA;PINSA ROMANA LA MINI
LA PASSATA DI POMODORO;LA PASSATA DI POMODORO
LA PASSATA DI POMODORO;PASSATA DI POMODORO LA ROSINA
LA RISSOLÉE MC CAIN;LA RISSOLÉE MC CAIN
LA RISSOLÉE MC CAIN;PATATE LA RISSOLÉE MC CAIN
LANGHE ARNEIS DOC;ARNEIS LANGHE DOC
LANGHE ARNEIS DOC;LANGHE ARNEIS DOC
LASAGNE FRESCHE DI SEMOLA;LASAGNE FRESCHE DI SEMOLA
LASAGNE FRESCHE DI SEMOLA;LASAGNE FRESCHE DI SEMOLA SOAVE
LATTE ALTA DIGERIBILITÀ ZYMIL PARMALAT;LATTE ALTA DIGERIBILITÀ ZYMIL PARMALAT
LATTE ALTA DIGERIBILITÀ ZYMIL PARMALAT;LATTE UHT ALTA DIGERIBILITÀ ZYMIL PARMALAT
LATTE ALTA DIGERIBILITÀ ZYMIL PARMALAT;LATTE UHTA DIGERIBILITÀ ZYMIL PARMALAT
LATTE DI MONTAGNA BIOLOGICO MILK;LATTE DI MONTAGNA BIOLOGICO MILK
LATTE DI MONTAGNA BIOLOGICO MILK;LATTE DI MONTAGNA BIOLOGICO MILK STEREO
LATTE SENZA LATTOSE ACCADI GRANAROLO;LATTE GRANAROLO ACCADI SENZA LATTOSIO
LATTE SENZA LATTOSE ACCADI GRANAROLO;LATTE SENZA LATTOSE ACCADI GRANAROLO
LATTE SENZA LATTOSE ACCADI GRANAROLO;LATTE UHT ACCADI SENZA LATTOSIO GRANAROLO
LATTE SENZA LATTOSE ACCADI GRANAROLO;LATTE UHT SENZA LATTOSIO ACCADI GRANAROLO
LATTE SENZA LATTOSE ACCADI GRANAROLO;LATTE UNT SENZA LATTOSIO ACCADÌ GRANAROLO
LATTE SENZA LATTOSE ACCADI GRANAROLO;PANNA UHT SENZA LATTOSIO ACCADI GRANAROLO
LATTE SENZA LATTOSE ACCADI GRANAROLO;PANNA UNT ACCADÌ SENZA LATTOSIO GRANAROLO
LATTE SENZA LATTOSE ACCADI GRANAROLO;PANNA UNT SENZA LATTOSIO ACCADI GRANAROLO
LATTE UH BONTÀ E LINEA PARMALAT;LATTE UH BONTÀ E LINEA PARMALAT
LATTE UH BONTÀ E LINEA PARMALAT;LATTE UHT BONTÀ E LINEA PARMALAT
LATTE UH BONTÀ E LINEA PARMALAT;LATTE UNH BONTÀ E LINEA PARMALAT
LATTE UHT;LATTE UHT
LATTE UHT;LATTE UNIL
LATTE UHT;LATTE UNIT
LATTE UHT;LATTE UNITE
LATTE UHT;LATTE UNT
LATTE UHT ACCADI GRANAROLO;LATTE UNIT ACCADI GRANAROLO
LATTE UHT ACCADI GRANAROLO;LATTE UNT ACCADI GRANAROLO
LATTE UHT ALTA DIGERIBILITÀ;LATTE UNMILK ALTA DIGERIBILITÀ
LATTE UHT ALTA DIGERIBILITÀ;LATTE UNT ALTA DIGERIBILITÀ
LATTE UHT GRANAROLO;LATTE UNT GRANARO
LATTE UHT GRANAROLO;LATTE UNTH GRANAROLO
LATTE UHT GRANAROLO;LATTE UNTR GRANAROLO
LATTE UHT GRANAROLO PIACERE LEGGERO;LATTE UHT GRANAROLO CACERIE LEGGERO
LATTE UHT GRANAROLO PIACERE LEGGERO;LATTE UHT GRANAROLO PACNERE LEGGERO
LATTE UHT GRANAROLO PIACERE LEGGERO;LATTE UNT GRANAROLO PIACCERE LEGGERO
LATTE UHT INTERO;LATTE INTERO UHT
LATTE UHT INTERO;LATTE UHT INTERO
LATTE UHT PARZIALMENTE SCREMATO;LATTE UHT GRANAROLO PARZIALMENTE SCREMATO
LATTE UHT PARZIALMENTE SCREMATO;LATTE UHT PARZIALMENTE SCREMATO
LATTE UHT PARZIALMENTE SCREMATO;LATTE UIH GRANAROLO PARZIALMENTE SCREMATO
LATTE UHT PARZIALMENTE SCREMATO;LATTE UNIT PARZIALMENTE SCREMATO
LATTE UHT PARZIALMENTE SCREMATO;LATTE UNT GRANAROLO PARZIALMENTE SCREMATO
LATTE UHT PARZIALMENTE SCREMATO;LATTE UNT PARZIALMENTE SCREMATO
LATTE UNT CRESCITA 3 GRANAROLO;LATTE UNT CRESCITA 3 GRANAROLO
LATTE UNT CRESCITA 3 GRANAROLO;LATTE UNTI CRESCITA 3 GRANAROLO
LATTE X LA MERENDA GRANAROLO;LATTE X LA MERENDA GRANAROLO
LATTE X LA MERENDA GRANAROLO;LATTE X LA MERENDA GRANAROLO CACIO
LATTICINO FRESCO NATURELLA;LATTICINO FRESCO NAHURELLE
LATTICINO FRESCO NATURELLA;LATTICINO FRESCO NATURELLA
LATTICINO FRESCO PROTEIN NATURELLA;LATTICINO FRESCO PROTEIN NARELLA
LATTICINO FRESCO PROTEIN NATURELLA;LATTICINO FRESCO PROTEIN NATURELLA
LAVATRICE SPUMA DI SCIAMPAGNA MARSIGLIA;DETERSIVO LAVATRICE SPUMA DI CAMPAGNA MARSIGLIA
LAVATRICE SPUMA DI SCIAMPAGNA MARSIGLIA;DETERSIVO LAVATRICE SPUMA DI SCAMPAGNA MARSIGLIA
LAVATRICE SPUMA DI SCIAMPAGNA MARSIGLIA;DETERSIVO LAVATRICE SPUMA DI SCIAMPAGNA MARSIGLIA
LAVATRICE SPUMA DI SCIAMPAGNA MARSIGLIA;DETERSIVO LIQUIDO LAVATRICE SPUMA DI SCIAMPAGNA
LAVATRICE SPUMA DI SCIAMPAGNA MARSIGLIA;DETERSIVO PER LAVATRICE SPUMA DI SCIAMPAGNA
LAVATRICE SPUMA DI SCIAMPAGNA MARSIGLIA;DETERSIVO PER LAVATRICE SPUMA DI SCIAMPAGNA MARSIGLIA
LAVATRICE SPUMA DI SCIAMPAGNA MARSIGLIA;DETERSIVO SPUMA DI SCIAMPAGNA LAVATRICE
LAVATRICE SPUMA DI SCIAMPAGNA MARSIGLIA;LAVATRICE SPUMA DI SCIAMPAGNA
LAVATRICE SPUMA DI SCIAMPAGNA MARSIGLIA;LAVATRICE SPUMA DI SCIAMPAGNA MARSIGLIA
LAVATRICE SPUMA DI SCIAMPAGNA MARSIGLIA;LIQUIDO PER LAVATRICE SPUMA DI SCIAMPAGNA
LAVATRICE SPUMA DI SCIAMPAGNA MARSIGLIA;POLVERE PER LAVATRICE SPUMA DI SCIAMPAGNA
LAVATRICE SPUMA DI SCIAMPAGNA MARSIGLIA;POLVERE PER LAVATRICE SPUMA DI SCIAMPAGNA MARSIGLIA
LE BONTÀ DELL'ORTO MIOORTO SPINACI BIETOLE;LE BONTÀ DELL'ORTO MIOGORTO SPINACI, BIETOLE
LE BONTÀ DELL'ORTO MIOORTO SPINACI BIETOLE;LE BONTÀ DELL'ORTO MIOORTO SPINACI BIETOLE
LE BONTÀ DELL'ORTO MIOORTO SPINACI BIETOLE;SPINACI, BIETOLE LE BONTA DELL'ORTO MIDORTO
LE BONTÀ DELL'ORTO MIOORTO SPINACI BIETOLE;SPINACI, BIETOLE LE BONTA DELL'ORTO MIOORTO
LE BONTÀ DELL'ORTO MIOORTO SPINACI BIETOLE;SPINACI, BIETOLE LE BOONTA DELL'ORTO MIOORTO
LE FETTE BISCOTTATE INTEGRALI BIO GRISSINBON;LE FETTE BISCOTTATE INTEGRALI BIO GRISSINBON
LE FETTE BISCOTTATE INTEGRALI BIO GRISSINBON;LE FRESCHE BISCOTTATE INTEGRALI BIO GRISSBON
LE PROSCIUTTINE;LE PROSCIUTTINE
LE PROSCIUTTINE;LE PROSCUITTINE
LE PROSCIUTTINE;LE PROSCUTTINE
LE PROSCUTTINE CLASSICHE, FORMAGGIO;LE PROSCIUTTINE CLASSICHE, FORMAGGIO
LE PROSCUTTINE CLASSICHE, FORMAGGIO;LE PROSCUTTINE CLASSICHE, FORMAGGIO
LEGUMI COTTI AL VAPORE POLI;LEGUMI COTTI AL VAPORE POLI
LEGUMI COTTI AL VAPORE POLI;LEGUMI COTTI AL VAPORE POLLI
LETTIERA AL SILICIO POLICAT;LETTIERA AL SILICIO POLICAT
LETTIERA AL SILICIO POLICAT;LETTIERA POLICAT AL SILICIO
LIEVITO DI BIRRA MASTRO FORNAIO PANEANGELI;LIEVITO DI BIRRA MASTRO FORNAIO PANEANGELI
LIEVITO DI BIRRA MASTRO FORNAIO PANEANGELI;LIEVITO DI BIRRA MASTRO FORNAIO PANEGANELLI
LINEA BOND REPAIR ELVIVE L'OREAL;LINEA BOND REPAIR ELVIVE L'OREAL
LINEA BOND REPAIR ELVIVE L'OREAL;LINEA CAPELLI BOND REPAIR ELVIVE
LINEA ULTRA DOLCE GARNIER;LINEA CAPELLI ULTRA DOLCE GARNIER
LINEA ULTRA DOLCE GARNIER;LINEA ULTRA DOLCE GARNIER
LIQUIDO LAVATRICE PERLANA RENEW;LIQUIDO LAVATRICE PERLANA RENEW
LIQUIDO LAVATRICE PERLANA RENEW;LIQUIDO PER LAVATRICE PERLANA RENEW
LIQUIDO LAVATRICE TOTAL 4+1 BIO PRESTO;DETERGENTE LIQUIDO BIO PRESTO TOTAL 4+1
LIQUIDO LAVATRICE TOTAL 4+1 BIO PRESTO;LIQUIDO LAVATRICE TOTAL 4+1 BIO PRESTO
LIQUIDO PER LAVATRICE DASH;LIQUIDO LAVATRICE EXTRA POWER DASH
LIQUIDO PER LAVATRICE DASH;LIQUIDO PER LAVATRICE DASH
LIQUIDO PER LAVATRICE DASH;LIQUIDO PER LAVATRICE POWER DASH
MACINATA MISTA DI SUINO E BOVINO ADULTO;MACINATA MISTA DI BOVINO ADULTO E SUINO
MACINATA MISTA DI SUINO E BOVINO ADULTO;MACINATA MISTA DI SUINO E BOVINO ADULTO
MAIONESE BIFFI;MAIONESE BIFFI
MAIONESE BIFFI;MAIONESE ITALIANA BIFFI
MAIONESE BIFFI;MAIONESE VEGETALE BIFFI
MAIONESE CALVE' CREMOSA;MAIONESE CALVÉ CREMOSA
MAIONESE CALVE' CREMOSA;MAYONESE CALVÉ CREMOSA
MAIONESE CLASSICA CALVE';MAIONESE CLASSICA CALVÈ
MAIONESE CLASSICA CALVE';MAIONESE CLASSICA CALVÉ
MANZO COTTO SENFTER;MANZO COTTO SENFTER
MANZO COTTO SENFTER;MANZO COTTO SENIFTER
MARGHERITA BELLA NAPOLI BUITONI;MARGHERITA BELLA NAPOLI BUITONI
MARGHERITA BELLA NAPOLI BUITONI;PIZZA MARGHERITA BELLA NAPOLI BUITONI
MASCHERA IN TESSUTO FRIA;MASCHERA IN TESSUTO FRIA
MASCHERA IN TESSUTO FRIA;MASCHERA VISO IN TESSUTO FRIA
MASCHERA VISO KOREAN BEAUTY;MASCHERA VISO KOREAN BEAUTY
MASCHERA VISO KOREAN BEAUTY;MASCHERA VISO KOREAN BEAUTY FRIA
MAXIBON NESTLÉ CLASSIC;MAXBON NESTLÉ CLASSIC
MAXIBON NESTLÉ CLASSIC;MAXIBON NESTLÉ CLASSIC
MELE RENETTA MELINDA;MELE BENETTE MELINDA
MELE RENETTA MELINDA;MELE RENETTE MELINDA
MERENDE PAN DI STELLE;8 MERENDE PAN DI STELLE
MERENDE PAN DI STELLE;MERENDE PAN DI STELLE
MIELE MILLEFIORI APICOLTURA CASENTINESE;MIELE MILLEFIORI APICOLTURA CASENTINESE
MIELE MILLEFIORI APICOLTURA CASENTINESE;MIELE MILLEFIORI APICULTURA CASENTINESE
MINESTRA KNORR;MINESTRA KNORR
MINESTRA KNORR;MINESTRA KNORRE
MINESTRONE LEGGEREZZA OROGEL;MINESTRONE LEGGEREZZA FROGEL
MINESTRONE LEGGEREZZA OROGEL;MINESTRONE LEGGEREZZA OREGEL
MINESTRONE TRADIZIONE FINDUS;MINESTRONE TRADIZIONE FINDOS
MINESTRONE TRADIZIONE FINDUS;MINESTRONE TRADIZIONE FINDUS
MINESTRONE TRADIZIONE FINDUS;MINESTRONE TRADIZIONE FINES
MINESTRONE TRADIZIONE FINDUS;MINESTRONE TRADIZIONE FINOUS
MINI COPPA FAMIGLIA TONITTO;MINI COPPA FAMIGLIA CORNETTO
MINI COPPA FAMIGLIA TONITTO;MINI COPPA FAMIGLIA TOMITTO
MINI COPPA FAMIGLIA TONITTO;MINI COPPA FAMIGLIA TONITO
MINI COPPA FAMIGLIA TONITTO;MINI COPPA FAMIGLIA TONITTO
MINI COPPA FAMIGLIA TONITTO;MINI COPPA FAMIGLIA TONNO
MINI MUFFIN CLASSICO CHOCO;MINI MUFFIN CLASSICI CHOCO
MINI MUFFIN CLASSICO CHOCO;MINI MUFFIN CLASSICO CHOCO
MIRTILLI;MIRTILLI
MIRTILLI;MIRTILLI CONFEZIONE
MISTICANZA GLI ORTI IN TAVOLA;LATTUGHINO GLI ORTI IN TAVOLA
MISTICANZA GLI ORTI IN TAVOLA;MISTICANZA GLI ORTI IN TAVOLA
MISTO PER RISOTTO E SPAGHETTI;MISTO PER RISOTTO E SPAGHETTI
MISTO PER RISOTTO E SPAGHETTI;MISTO PER RISOTTO E SPAGHETTI APPETAIS
MISTO PER RISOTTO E SPAGHETTI;MISTO PER RISOTTO E SPAGHETTI APPETITOSA
MISTO PER RISOTTO E SPAGHETTI;MISTO PER RISOTTO E SPAGHETTI APPETTAIS
MISTO PER RISOTTO E SPAGHETTI APPETAIS;MISTO PER RISOTTO E SPAGHETTI APPEITAIS
MISTO PER RISOTTO E SPAGHETTI APPETAIS;MISTO PER RISOTTO E SPAGHETTI APPETAIS
MISTO PER RISOTTO E SPAGHETTI APPETAIS;MISTO PER RISOTTO E SPAGHETTI APPETTAIS
MISTO PER RISOTTO E SPAGHETTI APPETAIS;MISTO PER RISOTTO E SPAGHETTI APPETTASI
MIX&GO NOSTROMO;MIX&GO NOSTROMO
MIX&GO NOSTROMO;MIXAGO NOSTROMO
MORELLINO DI SCANSANO DOC;MORELLINO DI SCANSANO DOC
MORELLINO DI SCANSANO DOC;MORELLINO DI SCANSANO DOCG
MORTADELLA CUOR DI PAESE CON PISTACCHI;MORTADELLA CUOR DI PAESE CON PISTACCHI
MORTADELLA CUOR DI PAESE CON PISTACCHI;MORTADELLA CUOR DI PAESE CON PISTACCHIO
MORTADELLA CUOR DI PAESE CON PISTACCHI;MORTADELLA CUOR DI PAESE IBIS CON PISTACCHI
MOSCATO ROCCA DEI FORTI DOLCE;MOSCATO ROCCA DEI FORTI DOLCE
MOSCATO ROCCA DEI FORTI DOLCE;SPUMANTE MOSCATO DOLCE ROCCA DEI FORTI
MOUSSE DI BIANCO SOFFIO;MOUSSE DI BIANCO SOFFIO
MOUSSE DI BIANCO SOFFIO;MOUSSE DI BIANCO SOFFIO MÜLLER
MOZZARELLA;MOZZARELLA
MOZZARELLA;MOZZARELLE
MOZZARELLA BIO VALLELATA GALBANI;MOZZARELLA BIO VALLELATA GALBANI
MOZZARELLA BIO VALLELATA GALBANI;MOZZARELLA BIO VALLELLATA GALBANI
MOZZARELLA BOCCONCINI;MOZZARELLA BOCCONCINI
MOZZARELLA BOCCONCINI;MOZZARELLA BOCCONCINO
MOZZARELLA DI BUFALA CAMPANA DOP;MOZZARELLA DI BUFALA CAMPANA DOP
MOZZARELLA DI BUFALA CAMPANA DOP;MOZZARELLA DI BUFALA CAMPANIA DOP
MOZZARELLA DI BUFALA CAMPANA DOP;MOZZARELLE DI BUFALA CAMPANA DOP
MOZZARELLA FIOR DI LATTE;BOCCOCINI DI MOZZARELLA FIOR DI LATTE
MOZZARELLA FIOR DI LATTE;BOCCONCINI DI MOZZARELLA FIOR DI LATTE
MOZZARELLA FIOR DI LATTE;FIOR DI LATTE BOCCONCINI DI MOZZARELLA
MOZZARELLA FIOR DI LATTE;MOZZARELLA FIOR DI LATTE
MOZZARELLA FIOR DI LATTE;MOZZARELLA FIOR DI LATTE BOCCONCINI
MOZZARELLA FIOR DI LATTE;MOZZARELLA FIOR DI LATTE LATTE CARGO
MOZZARELLA FIOR DI LATTE;MOZZARELLA FIOR DI LATTE PANETTO
MOZZARELLA FIOR DI LATTE;MOZZARELLA FIOR DI LATTE PETTINICCHIO
MOZZARELLA FIOR DI LATTE;MOZZARELLA FIOR DI LATTE VALLELATA
MOZZARELLA JULIENNE PER PIZZA;MOZZARELLA JULIENNE PER PIZZA
MOZZARELLA JULIENNE PER PIZZA;MOZZARELLA PER PIZZA JULIENNE
MOZZARELLA SANTA LUCIA GALBANI;MOZZARELLA SANTA LUCIA GALBANI
MOZZARELLA SANTA LUCIA GALBANI;MOZZARELLA TRIS SANTA LUCIA GALBANI
MOZZARELLE FIOR DI LATTE;MOZZARELLE FIOR DI LATTE
MOZZARELLE FIOR DI LATTE;"MOZZARELLE FIOR DI LATTE ""CILIGINA"""
MOZZARELLE FIOR DI LATTE;MOZZARELLE FIOR DI LATTE CILIEGINA
MOZZARELLE FIOR DI LATTE;MOZZARELLE FIOR DI LATTE CILIEGINE
MOZZARELLE FIOR DI LATTE CILIEGINE;MOZZARELLE FIOR DI LATTE CILIEGINE
MOZZARELLE FIOR DI LATTE CILIEGINE;MOZZARELLLE FIOR DI LATTE CILIGINE
MOZZARELLE MOZARÌ INVERNIZZI;MOZZARELLE MOZARI INVERNIZZI
MOZZARELLE MOZARÌ INVERNIZZI;MOZZARELLE MOZARÌ INVERMIZZI
MÜLLER THURGAU TREVENEZIE IGT;MÜLLER THURGAU TREVEMIZE IGT
MÜLLER THURGAU TREVENEZIE IGT;MÜLLER THURGAU TREVENEZIE IGT
NEGROAMARO PRIMITIVO SALENTO IGT;NEGROAMARO PRIMITIVO SALENTO IGT
NEGROAMARO PRIMITIVO SALENTO IGT;NEGROMARO PRIMITIVO SALENTO IGT
NEGROMARO ROSATO SALENTO IGT;NEGROMARANO ROSATO SALENTO IGT
NEGROMARO ROSATO SALENTO IGT;NEGROMARO ROSATO SALENTO IGT
NERO D'AVOLA SICILIA DOC;NERO D'ALOLA SICILIA DOC
NERO D'AVOLA SICILIA DOC;NERO D'AVOLA SICILIA DOC
NERO D'AVOLA TERRE SICILIANE IGT;NERO D'AVOLA TERRE SICILIANE DOC
NERO D'AVOLA TERRE SICILIANE IGT;NERO D'AVOLA TERRE SICILIANE IGT
NERO DI TROIA IGP;NERO DI TROIA IGP
NERO DI TROIA IGP;NERO DI TROIA IGT
OLIO DI OLIVA DANTE;OLIO BIO EXTRAVERGINE DI OLIVA DANTE
OLIO DI OLIVA DANTE;OLIO DI OLIVA BERTOLLI CLASSICO
OLIO DI OLIVA DANTE;OLIO DI OLIVA CLASSICO
OLIO DI OLIVA DANTE;OLIO DI OLIVA COPPINI
OLIO DI OLIVA DANTE;OLIO DI OLIVA DANTE
OLIO DI OLIVA DANTE;OLIO DI OLIVA DANTE CLASSICO
OLIO DI OLIVA DANTE;OLIO DI OLIVA VERGINE DANTE
OLIO DI OLIVA DANTE;OLIO DI SANSA DI OLIVA
OLIO DI OLIVA DANTE;OLIO DI SANSA DI OLIVA DANTE
OLIO DI OLIVA DANTE;OLIO EXTRA VERGINE DI OLIVA
OLIO DI OLIVA DANTE;OLIO EXTRA VERGINE DI OLIVA BERTOLLI
OLIO DI OLIVA DANTE;OLIO EXTRA VERGINE DI OLIVA BERTOLLI GENTILE
OLIO DI OLIVA DANTE;OLIO EXTRA VERGINE DI OLIVA BIO
OLIO DI OLIVA DANTE;OLIO EXTRA VERGINE DI OLIVA BIO DANTE
OLIO DI OLIVA DANTE;OLIO EXTRA VERGINE DI OLIVA BIOLOGICO
OLIO DI OLIVA DANTE;OLIO EXTRA VERGINE DI OLIVA CIRIO
OLIO DI OLIVA DANTE;OLIO EXTRA VERGINE DI OLIVA COPPINI
OLIO DI OLIVA DANTE;OLIO EXTRA VERGINE DI OLIVA COPPINI CLASSICO
OLIO DI OLIVA DANTE;OLIO EXTRA VERGINE DI OLIVA DANTE
OLIO DI OLIVA DANTE;OLIO EXTRA VERGINE DI OLIVA DI SAVORÈ
OLIO DI OLIVA DANTE;OLIO EXTRA VERGINE DI OLIVA MEDITERRANEO
OLIO DI OLIVA DANTE;OLIO EXTRA VERGINE DI OLIVA MONDOSE
OLIO DI OLIVA DANTE;OLIO EXTRA VERGINE DI OLIVA ORIGINALE BERTOLLI
OLIO DI OLIVA DANTE;OLIO EXTRA VERGINE DI OLIVA ORO DI SAVORE
OLIO DI OLIVA DANTE;OLIO EXTRA VERGINE DI OLIVA ORO DI SAVORE NOVELLO
OLIO DI OLIVA DANTE;OLIO EXTRA VERGINE DI OLIVA ORO DI SAVORÈ
OLIO DI OLIVA DANTE;OLIO EXTRA VERGINE DI OLIVA SALVADORI
OLIO DI OLIVA DANTE;OLIO EXTRAVERGINE DI OLIVA COPPINI
OLIO DI OLIVA DANTE;OLIO EXTRAVERGINE DI OLIVA DANTE
OLIO DI OLIVA DANTE;OLIO EXTRAVERGINE DI OLIVA DANTE BIO
OLIO DI SEMI DI GIRASOLE;OLIO DI SEMI DI GIRASOLE
OLIO DI SEMI DI GIRASOLE;OLIO DI SEMI DI GIRASOLE DANTE
OLIO DI SEMI DI GIRASOLE;OLIO DI SEMI DI MAIS DANTE
OLIO DI SEMI DI GIRASOLE;OLIO DI SENI DI GIRASOLE DANTE
OLIO EXTRA VERGINE TERRE ANCHE DANTE;OLIO EXTRA VERGINE TERRE ANCHE DANTE
OLIO EXTRA VERGINE TERRE ANCHE DANTE;OLIO EXTRA VERGINE TERRE ANTICHE DANTE
OLIO EXTRAVERGINE DI OLIVA DI CONTRADA FRANTOIO;OLIO EXTRAVERGINE DI OLIVA DI CONTRADA FRANTOIO
OLIO EXTRAVERGINE DI OLIVA DI CONTRADA FRANTOIO;OLIO EXTRAVERGINE DI OLIVA FRANTOIO DI CONTRADA DANTE
OLIVE NERE DENOCCIOLATE;OLIVE NERE DENOCCOLATE
OLIVE NERE DENOCCIOLATE;OLIVE NERE SNOCCEOLATE
OLIVE SNOCCIOLATE OLIVOLI SACLÀ;OLIVE SNOCCIOLATE OLIVOLI SACLÀ
OLIVE SNOCCIOLATE OLIVOLI SACLÀ;OLIVE VERDI SNOCCEOLATE OLIVOLI SACLÀ
OLIVE VERDI DENOCCOLATE OLIVOIL SACLÀ;OLIVE VERDI DENOCCIOLATE OLIOVI SACLÀ
OLIVE VERDI DENOCCOLATE OLIVOIL SACLÀ;OLIVE VERDI DENOCCOLATE OLIVOLI SALA
OLIVE VERDI DENOCCOLATE OLIVOIL SACLÀ;OLIVE VERDI SNOCCIOLATE OLIVOLI SACLÀ
OMOGENEIZZATI DI CARNE NIPIOL;OMOGENEIZZATI DI CARNE NIPIOL
OMOGENEIZZATI DI CARNE NIPIOL;ONOGENEIZZATI DI CARNE NIPIOL
OMOGENEIZZATI DI CARNE PLASMON;OMOGENEIZZATI DI CARNE PLASMON
OMOGENEIZZATI DI CARNE PLASMON;OMOGENIZZATI DI CARNE PLASMON
ORECCHIETTE TROFIE;ORECCHIETTE TROFIE
ORECCHIETTE TROFIE;ORECCHIETTE, TROFIE
ORECCHIETTE TROFIE;TROFIE, ORECCHIETTE
PAELLA APPETAIS;PAELLA APPETAIS
PAELLA APPETAIS;PAELLA APPETTAIS
PALA PER PIZZA IN ACCIAIO ALPINA;PALA PER PIZZA IN ACCIAIO ALPINA
PALA PER PIZZA IN ACCIAIO ALPINA;TEGLIA PER PIZZA IN ACCIAIO ALPINA
PAN BAULETTO MULINO BIANCO;PAN BAULETTO MULINO BIANCO
PAN BAULETTO MULINO BIANCO;PAN BAULETTO MULINO BIANCO INTEGRALE
PANCAKES HIGH PROTEIN MILK PRO;PANCAKES HIGH PROTEIN MILK PRO
PANCAKES HIGH PROTEIN MILK PRO;PANCAKES HIGH PROTEIN MILK PRO CLASSICI
PANE AL GRANO DURO;PANE AL GRANO DURO
PANE AL GRANO DURO;PANE BAULETTO AL GRANO DURO
PANNA CHEF PARMALAT;PANNA CHEF PANNA PARMALAT
PANNA CHEF PARMALAT;PANNA CHEF PARMALAT
PANNA COTTA CARAMELLO, GIANDUIA;PANNA COTTA CARAMELLG, GIANDUIA
PANNA COTTA CARAMELLO, GIANDUIA;PANNA COTTA CARAMELLO, GIANDUIA
PANNA UNT DA CUCINA GRANAROLO;PANNA MUT DA CUCINA GRANAROLO
PANNA UNT DA CUCINA GRANAROLO;PANNA UHIT DA CUCINA GRANAROLO
PANNA UNT DA CUCINA GRANAROLO;PANNA UHT DA CUCINA GRANAROLO
PANNA UNT DA CUCINA GRANAROLO;PANNA UMT DA CUCINA GRANAROLO
PANNA UNT DA CUCINA GRANAROLO;PANNA UNT DA CUCINA GRANAROLO
PANNI MICROFIBRE COLORS VILEDA;PANNI MICROFIBRE COLORS VILEDA
PANNI MICROFIBRE COLORS VILEDA;PANNI MICROFIBRE COLORS XL VILEDA
PANNO IN MICROFIBRA ARIX PAVIMENTI;PANNO IN MICROFIBRA ARIX CONANTIBATTERICO
PANNO IN MICROFIBRA ARIX PAVIMENTI;PANNO IN MICROFIBRA ARIX PAVIMENTI
PANNO PAVIMENTI UMIDIFICATO;PANNO PAVIMENTI UMIDIFICATO
PANNO PAVIMENTI UMIDIFICATO;PANNO UMIDIFICATO PAVIMENTI
PAPPA REALE MIELE + GINSENG;PAPPA REALE + MIELE + GINSENG
PAPPA REALE MIELE + GINSENG;PAPPA REALE MIELE + GINSENG
PARMIGIANO REGGIANO DOP;PARMIGIANO REGGIANO DOP
PARMIGIANO REGGIANO DOP;PARMIGIANO REGGIANO DOP PARMIGIANO
PARMIGIANO REGGIANO DOP 20 MESI;PARMIGIANO REGGIANO DOP 18 MESI
PARMIGIANO REGGIANO DOP 20 MESI;PARMIGIANO REGGIANO DOP 20 MESI
PARMIGIANO REGGIANO DOP 20 MESI;PARMIGIANO REGGIANO DOP 30 MESI
PARMIGIANO REGGIANO DOP FERRARI;PARMIGIANO REGGIANO DOP BRO GRATTUGIATO FRESCO FERRARI
PARMIGIANO REGGIANO DOP FERRARI;PARMIGIANO REGGIANO DOP FERRARI
PARMIGIANO REGGIANO DOP FERRARI;PARMIGIANO REGGIANO DOP GRATTUGIATO FERRARI
PARMIGIANO REGGIANO DOP FERRARI;PARMIGIANO REGGIANO DOP GRATTUGIATO FRESCO
PARMIGIANO REGGIANO DOP FERRARI;PARMIGIANO REGGIANO DOP GRATTUGIATO FRESCO FERRARI
PARMIGIANO REGGIANO DOP FERRARI;PARMIGIANO REGGIANO GRATTUGIATO FRESCO FERRARI
PARMIGIANO REGGIANO DOP PARMAREGGIO;PARMIGIANO REGGIANO DOP PARMAREGGIANO
PARMIGIANO REGGIANO DOP PARMAREGGIO;PARMIGIANO REGGIANO DOP PARMAREGGIO
PASSATA DI POMODORO AGROMONTE;PASSATA DI POMODORO AGROMONTE
PASSATA DI POMODORO AGROMONTE;PASSATA DI POMODORO AGRONOMTE
PASSATA DI POMODORO POMI;PASSATA DI POMODORO POMI
PASSATA DI POMODORO POMI;PASSATA DI POMODORO PONI
PASSATA DI POMODORO POMI;PASSATA RUTSTICCA DI POMODORO POMI
PASTA DI GRAGNANO D'APUZZO;PASTA DI GRAGNANO D'APUZZO
PASTA DI GRAGNANO D'APUZZO;PASTA DI SEMOLA DI GRAGNANO D'APUZZO
PASTA DI GRAGNANO IGP LIGURI;PASTA DI GRAGNANO IGP LIGUORI
PASTA DI GRAGNANO IGP LIGURI;PASTA DI GRAGNANO IGP LIGURI
PASTA DI GRAGNANO IGP LIGURI;PASTA DI SEMOLA DI GRAGNANO IGP LIGUORI
PASTA DI SEMOLA DI GRANO DURO BIO;PASTA DI SEMOLA DI GRANO DURO BIO
PASTA DI SEMOLA DI GRANO DURO BIO;PASTA DI SEMOLA DI GRANO DURO BIOLOGICO
PASTA DI SEMOLA VOIELLO;PASTA DI SEMOLA VOELLO
PASTA DI SEMOLA VOIELLO;PASTA DI SEMOLA VOIELLO
PASTA FRESCA ORECCHIETTE TROFIE;PASTA FRESCA ORECCHIETTE TROFIE
PASTA FRESCA ORECCHIETTE TROFIE;PASTA FRESCA ORECCHIETTE, TROFIE
PASTA FRESCA ORECCHIETTE TROFIE;PASTA FRESCA TROFIE O ORECCHIETTE
PASTA FRESCA ORECCHIETTE TROFIE;PASTA FRESCA TROFIE ORECCHIETTE
PASTA FRESCA RIPIENA;PASTA FRESCA RIPIENA
PASTA FRESCA RIPIENA;PASTA FRESCA RIPIENI
PASTA PROTEIN+ BARILLA;PASTA AL BRONZO BARILLA
PASTA PROTEIN+ BARILLA;PASTA BARILLA INTEGRALE
PASTA PROTEIN+ BARILLA;PASTA DI SEMOLA AL BRONZO BARILLA
PASTA PROTEIN+ BARILLA;PASTA DI SEMOLA BARILLA
PASTA PROTEIN+ BARILLA;PASTA DI SEMOLA DELVERDE
PASTA PROTEIN+ BARILLA;PASTA DI SEMOLA INTEGRALE BARILLA
PASTA PROTEIN+ BARILLA;PASTA DI SEMOLA INTEGRALE DELVERDE
PASTA PROTEIN+ BARILLA;PASTA DI SEMOLA TRAFILATA AL BRONZO
PASTA PROTEIN+ BARILLA;PASTA INTEGRALE BARILLA
PASTA PROTEIN+ BARILLA;PASTA PROTEIN+ BARILLA
PASTA RIPENA A BASE DI PESCE;PASTA RIPENA A BASE DI PESCE
PASTA RIPENA A BASE DI PESCE;PASTA RIPIENA A BASE DI PESCE
PASTA RIPIENA A BASE DI PESCE;PASTA RIPIENA A BASE DI PESCE
PASTA RIPIENA A BASE DI PESCE;PASTA RIPIENA A BASE DI PESCE DIVERSI
PASTA SFOGLIA LIGHT ROTONDA RETTANGOLARE;PASTA SFOGLIA LIGHT ROTONDA RETTANGOLARE
PASTA SFOGLIA LIGHT ROTONDA RETTANGOLARE;PASTA SFOGLIA ROTONDA LIGHT, RETTANGOLARE
PASTIGLIE LAVASTOVIGLIE FINISH CLASSIC;PASTIGLIE LAVASTOVIGLIE FINISH CLASSIC
PASTIGLIE LAVASTOVIGLIE FINISH CLASSIC;PASTIGLIE PER LAVASTOVIGLIE FINISH CLASSIC
PATATA SELENELLA;PATATA SELENELLA
PATATA SELENELLA;PATATE SELENELLA
PATATE GRIGLIATE AL ROSMARINO;PATATE GRIGLIATE AL ROSMARINO
PATATE GRIGLIATE AL ROSMARINO;PATATE PATATE GRIGLIATE AL ROSMARINO
PATATE NATURELLA ANTONIO RUGGIERO;PATATE NATURELLA ANTONIO RUGGIERO
PATATE NATURELLA ANTONIO RUGGIERO;PATATE NOVELLE NATURELLA ANTONIO RUGGIERO
PATATE NATURELLA ANTONIO RUGGIERO;PATATE NOVELLE NATURELLA TONNO RUGGIERO
PATATINE CASERECCIA;PATATINA CASRECCIA
PATATINE CASERECCIA;PATATINE CASERECCHIA
PATATINE CASERECCIA;PATATINE CASERECCIA
PATATINE CLASSICHE FINDUS;PATATINE CLASSICHE FINDUS
PATATINE CLASSICHE FINDUS;PATATINE CLASSICHE FINODUS
PATATINE CLASSICHE FINDUS;PATATINE CLASSICHE FINOUS
PATÉ PER CANI PRINCE;PATÉ PER CANI CHICKEN PRINCE
PATÉ PER CANI PRINCE;PATÉ PER CANI PRINCE
PECORINO SARDO DOP MATURO;PECORINO MATURO SARDO DOP
PECORINO SARDO DOP MATURO;PECORINO SARDO DOP MATURO
PESCHE NETTARINE GIALLE;PESCHE GIALLE NETTARINE
PESCHE NETTARINE GIALLE;PESCHE GIALLE, NETTARINE
PESCHE NETTARINE GIALLE;PESCHE GIALLE, NETTARINE GIALLE
PESCHE NETTARINE GIALLE;PESCHE NETTARINE GIALLE
PESTO DI PRÀ CLASSICO SENZ'AGLIO;IL PESTO DI PRÀ CLASSICO SENZ'AGLIO
PESTO DI PRÀ CLASSICO SENZ'AGLIO;PESTO DI PRÀ CLASSICO SENZ AGLIO
PETTO DI POLLO A FETTE;PETTI DI POLLO A FETTE
PETTO DI POLLO A FETTE;PETTO DI POLLO A FETTE
PETTO DI POLLO INTERO;PETTO DI POLLO INTERO
PETTO DI POLLO INTERO;PETTO DI POLLO INTERO CONFEZIONE FAMIGLIA
PETTO DI POLLO INTERO;PETTO DI POLLO INTERO CONFEZIONE RISPARMIO
PHILADELPHIA CLASSICO;PHILADELPHIA CLASSICA
PHILADELPHIA CLASSICO;PHILADELPHIA CLASSICO
PIADINA ROMAGNOLA IGP;PIADINA ROMAGNOLA IGP
PIADINA ROMAGNOLA IGP;PIADINA ROMANOLA IGP
PIATTI GRECI JUI-SI;PIATTI GRECI JUI-SI
PIATTI GRECI JUI-SI;PIATTI GRECI JUI-SUI
PIATTO PIZZA MELAMINA;PIATTO PIZZA MELAMINA
PIATTO PIZZA MELAMINA;PIATTO PIZZA MELAMMINA
PIZZA BELLA NAPOLI BUITONI;PIZZA BELLA NAPOLI BUITONI
PIZZA BELLA NAPOLI BUITONI;PIZZA MARGHERITA BELLA NAPOLI BUITONI
PIZZA LA NUMERO UNO ITALPIZZA;PIZZA LA NUMERO UNO ITALPIZZA
PIZZA LA NUMERO UNO ITALPIZZA;PIZZA LA NUMERO UNO MARGHERITA
PLUM CAKE MULINO BIANCO;PLUM CAKE MULINO BIANCO
PLUM CAKE MULINO BIANCO;PLUM CAKE MULINO BIANCO CLASSICO
PLUMCAKE MULINO BIANCO;PLUMCAKE MULINO BIANCO
PLUMCAKE MULINO BIANCO;PLUNCAKE MULINO BIANCO
POKER MIOORTO;POKER MIDOORTO
POKER MIOORTO;POKER MIDORTO
POLPA DI FRUTTA BIO VALFRUTTA;POLPA DI FRUTTA BIO ALMAVERDE
POLPA DI FRUTTA BIO VALFRUTTA;POLPA DI FRUTTA BIO VALFRUTTA
POLPA DI POMODORO DE RICA;PASSATA DI POMODORO DE LUCA
POLPA DI POMODORO DE RICA;PASSATA DI POMODORO DE RICA
POLPA DI POMODORO DE RICA;PASSATI DI POMODORO DE RICA
POLPA DI POMODORO DE RICA;POLPA DI POMODORO DE RICA
POLPA DI POMODORO DE RICA;POLPA PRONTA DI POMODORO DE RICA
POLPA DI POMODORO MUTTI;PASSATA DI POMODORO MUTTI
POLPA DI POMODORO MUTTI;POLPA DI POMODORO MUTTI
POLPA FINE DI POMODORO;POLPA FINE DI POMODORO
POLPA FINE DI POMODORO;POLPA FINE DI POMODORO COMBANI
POLPA FINE POMI;POLPA FINE POMI
POLPA FINE POMI;POMI POLPA FINE
POLPETTE DI MERLUZZO MEDITERRANEA;POLPETTE ALLA MEDITERRANEA DI MERLUZZO
POLPETTE DI MERLUZZO MEDITERRANEA;POLPETTE DI MERLUZZO ALLA MEDITERRANEA
POLPETTE DI MERLUZZO MEDITERRANEA;POLPETTE DI MERLUZZO MEDITERRANEA
POMODORI CUORE DI BUE;POMODORI CUORE DI BUE
POMODORI CUORE DI BUE;POMODORI CUORE DI BUE NAMA
POMODORI PICCADILLY;POMODORI PICCADILLY CONFEZIONE
POMODORI PICCADILLY;POMODORO PICCADILLY
POMODORO CILIEGINO;POMODORI CILEGINO
POMODORO CILIEGINO;POMODORI CILIEGINO
POWER ACTIVE BREF WC;POWER ACTIV BREF WC
POWER ACTIVE BREF WC;POWER ACTIVE BREF WC
POWER CAPS BIO PRESTO;BIO PRESTO POWER CAPS
POWER CAPS BIO PRESTO;POWER CAPS BIO PRESTO
POWER CAPS BIO PRESTO;POWER CAPS LAVATRICE BIO PRESTO
POWER CAPS PER LAVATRICE DESTO;PASTIGLIE PER LAVATRICE DIXAN POWER CAPS
POWER CAPS PER LAVATRICE DESTO;PASTIGLIE PER LAVATRICE POWER CAPS DIXAN
POWER CAPS PER LAVATRICE DESTO;POWER CAPS PER LAVATRICE DESTO
POWER CAPS PER LAVATRICE DESTO;POWER CAPS PER LAVATRICE DIXAN
POWER GEL ALL IN 1 FINISH;FINISH POWER GEL ALL IN 1
POWER GEL ALL IN 1 FINISH;POWER GEL ALL IN 1 FINISH
POWER GEL ALL IN 1 FINISH;POWER GEL LAVASTOVIGLIE ALL IN 1 FINISH
PRALINE AL CIOCCOLATO;PRALINE AL CIOCCOLATO
PRALINE AL CIOCCOLATO;PRALINE DI CIOCCOLATO
PRANZO ITALIANO;CONFEZIONE PRANZO ITALIANO
PRANZO ITALIANO;PRANZO ITALIANO
PREPARATO LE TORTE DEGLI ANGELI PANEANGELI;PREPARATO LE TORTE BEGELI ANGELI PANEANGELI
PREPARATO LE TORTE DEGLI ANGELI PANEANGELI;PREPARATO LE TORTE DEGLI ANGELI PANEGANGELI
PREPARATO PER CREMA PASTICCERA ELAH;PREPARATO PER CREMA PASTICCERA ELAH
PREPARATO PER CREMA PASTICCERA ELAH;PREPARATO PER CREMA PASTICCERIA EIAH
PREPARATO PER DESSERT ELAH;PEREHARTO PER DESSERT ELAH
PREPARATO PER DESSERT ELAH;PREPARATO PER DESSERT ELAH
PREPARATO PER DESSERT ELAH;PREPARATO PER DESSERT ELIAH
PREPARATO PER TORTA CAMEO;PREPARATO PER TORTA CAMEO
PREPARATO PER TORTA CAMEO;PREPARATO PER TORTA CHEESECAKE CAMEO
PRIMITIVO SALENTO IGT; PRIMITIVO SALENTO IGT
PRIMITIVO SALENTO IGT;PRIMITIVO SALENTO IGT
PROFITEROLES CACAO;PROFILEROLES CACAO
PROFITEROLES CACAO;PROFITEROLES CACAO
PROFUMA BIANCHERIA I CONCENTRATI CHANTE CLAIR;PROFUMA BIANCHERIA I CONCENTRATI CHANTE CLAIR
PROFUMA BIANCHERIA I CONCENTRATI CHANTE CLAIR;PROFUMA BIANCHERIA I CONCENTRATI CHANTE CLAIRE
PROFUMATORE PER BAGNO SPUMA DI SCIAMPAGNA;PROFUMATORE PER BAGNO SPUMA DI SCIAMPAGNA
PROFUMATORE PER BAGNO SPUMA DI SCIAMPAGNA;PROFUMATORE PER BUCIATO SPUMA DI SCIAMPAGNA
PRONTO CUOCI KOME TE;ERBETTE PRONTO CUOCI KOME TE
PRONTO CUOCI KOME TE;INSALATA PRONTO CUOCI KOME TE
PRONTO CUOCI KOME TE;PRONTO CUOCI KOME TE
PRONTO CUOCI KOME TE;PRONTO CUOCI KOME TE ERBETTE
PRONTO CUOCI KOME TE;PRONTO CUOCI KOME TE SPINACI ERBETTE
PRONTO CUOCI KOMETE SPINACI;ERBETTE PRONTO CUOCI KOMETE
PRONTO CUOCI KOMETE SPINACI;PRONTO CUOCI KOMETE SPINACI
PRONTO CUOCI KOMETE SPINACI;PRONTO CUOCI KOMETE SPINACI ERBETTE
PRONTO CUOCI KOMETE SPINACI;PRONTO CUOCI SPINACI ERBETTE
PROSCIUTTO COTTO ALTA QUALITÀ;PROSCIUTTO COTTO ALTA QUALITÀ
PROSCIUTTO COTTO ALTA QUALITÀ;PROSCIUTTO COTTO ALTA QUALITÀ NAZIONALE
PROSCIUTTO COTTO ALTA QUALITÀ;PROSCIUTTO COTTO ALTA QUALITÀ NAZIONALE LENTI
PROSCIUTTO COTTO ALTA QUALITÀ GRAN BISCOTTO ROVAGNATI;PROSCIUTTO COTTO ALTA QUALITÀ GRAN BICCHINO ROVAGNATI
PROSCIUTTO COTTO ALTA QUALITÀ GRAN BISCOTTO ROVAGNATI;PROSCIUTTO COTTO ALTA QUALITÀ GRAN BISCOTTO ROVAGNATI
PROSCIUTTO COTTO ALTA QUALITÀ GRAN TEHORENE CASA MODENA;PROSCIUTTO COTTO ALTA QUALITÀ GRAN TEHORENE CASA MODENA
PROSCIUTTO COTTO ALTA QUALITÀ GRAN TEHORENE CASA MODENA;PROSCIUTTO COTTO ALTA QUALITÀ GRAN TENERONE CASA MODENA
PROSCIUTTO COTTO ALTA QUALITÀ GRAN TENERONE;PROSCIUTTO COTTO ALTA QUALITÀ GRAN TENERONE
PROSCIUTTO COTTO ALTA QUALITÀ GRAN TENERONE;PROSCIUTTO COTTO ALTA QUALITÀ GRAN TENERONE GRAN TERRE
PROSCIUTTO COTTO ALTA QUALITÀ PRIMULA RIGAMONTI;PROSCIUTTO COTTO ALTA QUALITÀ PRIMILA RIGAMONTI
PROSCIUTTO COTTO ALTA QUALITÀ PRIMULA RIGAMONTI;PROSCIUTTO COTTO ALTA QUALITÀ PRIMULA RIGAMONTI
PROSCIUTTO COTTO ALTA QUALITÀ RICEFFATA RASPINI;PROSCIUTTO COTTO ALTA QUALITÀ RICAFETTA RASPINI
PROSCIUTTO COTTO ALTA QUALITÀ RICEFFATA RASPINI;PROSCIUTTO COTTO ALTA QUALITÀ RICCAFETTA RASPINI
PROSCIUTTO COTTO ALTA QUALITÀ RICEFFATA RASPINI;PROSCIUTTO COTTO ALTA QUALITÀ RICCAFFETTA RASPINI
PROSCIUTTO COTTO ALTA QUALITÀ RICEFFATA RASPINI;PROSCIUTTO COTTO ALTA QUALITÀ RICEFFATA RASPINI
PROSCIUTTO COTTO SCELTO LENTI;PROSCIUTTO COTTO SCELTO CUOR DI GUSTO LENTI
PROSCIUTTO COTTO SCELTO LENTI;PROSCIUTTO COTTO SCELTO CUOR GUSTO LENTI
PROSCIUTTO COTTO SCELTO LENTI;PROSCIUTTO COTTO SCELTO GUSTO LENTI
PROSCIUTTO COTTO SCELTO LENTI;PROSCIUTTO COTTO SCELTO LENTI
PROSCIUTTO COTTO SCELTO LENTI;PROSCIUTTO SCELTO CUOR GUSTO LENTI
PROSCIUTTO DI PARMA DOP;PROSCIUTTO CRUDO DI PARMA
PROSCIUTTO DI PARMA DOP;PROSCIUTTO CRUDO DI PARMA DOP
PROSCIUTTO DI PARMA DOP;PROSCIUTTO DI PARMA DOP
PROSCIUTTO DI PARMA DOP;PROSCIUTTO DI PARNA DOP
PROSCIUTTO DI PARMA DOP 16 MESI;PROSCIUTTO CRUDO DI PARMA DOP 16 MESI
PROSCIUTTO DI PARMA DOP 16 MESI;PROSCIUTTO DI PARMA DOP 16 MESI
PROSCIUTTO SAN DANIELE DOP;PROSCIUTTO CRUDO SAN DANIELE DOP
PROSCIUTTO SAN DANIELE DOP;PROSCIUTTO SAN DANIELE DOP
PROSECCO DOC EXTRA DRY;PROSECCO DOC EXTRA DRY
PROSECCO DOC EXTRA DRY;PROSECCO DOC EXTRA DRY BRUT
PROSECCO DOC EXTRA DRY;PROSECCO DOC EXTRA DRY FRIZZANTE
PROVVISTA SUGO DE RICA;PROVIVTA SUGO DE RICA
PROVVISTA SUGO DE RICA;PROVVISTA SUGO DE RICA
PURÈ DI PATATE CON LATTE FANNI;PURÈ DI PATATE CON LATTE FANNI
PURÈ DI PATATE CON LATTE FANNI;PURÈ DI PATATE CON LATTE PFANNI
PURÈ DI PATATE CON LATTE FANNI;PURÈ DI PATATE CON LATTE PONTI
RASOIO ESSENTIALS 3 WILKINSON SWORD;RASOIO ESSENTIALS 3 HYBRID WILKINSON
RASOIO ESSENTIALS 3 WILKINSON SWORD;RASOIO ESSENTIALS 3 WILKINSON SWORD
RAVIOLI ERBA CIPOLLINA VERZA;RAVIOLI ERBA CIPOLLINA VERZA
RAVIOLI ERBA CIPOLLINA VERZA;RAVIOLI ERBA CIPOLLINA, VERZA, GAMBERI
REALE A FETTE DI BOVINO ADULTO;REALE A FETTE DI BOVINO ADULTO
REALE A FETTE DI BOVINO ADULTO;REALE DI BOVINO ADULTO A FETTE
REALE A FETTE DI BOVINO ADULTO;SOTTOFILETTO A FETTE DI BOVINO ADULTO
REFOSCO VENETO IGT;REFOSCO VENETO IGT
REFOSCO VENETO IGT;REFOSECO VENETO IGT
RICARICA SGRASSATORE CHANTE CLAIR;RICARICA PER SGRASSATORE CHANTECLAIR
RICARICA SGRASSATORE CHANTE CLAIR;RICARICA SGRAẞATORE CHANT CLAIR
RICOTTA FRESCA NATURA BIANCA;RICOTTA FRESCA NATURA BIANCA
RICOTTA FRESCA NATURA BIANCA;RICOTTA FRESCA NATURA BIANCA ELDA
RICOTTA SANTA LUCIA GALBANI;RICOTTA LIGHT SANTA LUCIA GALBANI
RICOTTA SANTA LUCIA GALBANI;RICOTTA SANTA LUCIA GALBANI
RICOTTA SANTA LUCIA GALBANI;RICOTTINA LIGHT SANTA LUCIA GALBANI
RICOTTINE SENZA LATTOSIO ACCADI GRANAROLO;MASCARPONE SENZA LATTOSIO ACCADI GRANAROLO
RICOTTINE SENZA LATTOSIO ACCADI GRANAROLO;RICOTTIME SENZA LATTOSIO ACCAIO GRANAROLO
RICOTTINE SENZA LATTOSIO ACCADI GRANAROLO;RICOTTINE SENZA LATTOSIO ACCADI GRANAROLO
RINGO PAVESI;RINGO PAVESA
RINGO PAVESI;RINGO PAVESI
RISETTE SNACK PROTEIN SCOTTI;RISETTE SNACK PROTEIN 26 SCOTTI
RISETTE SNACK PROTEIN SCOTTI;RISETTE SNACK PROTEIN SCOTTI
RISO PER RISOTTI SCOTTI;RISO PER RISOTTI SCOTTI
RISO PER RISOTTI SCOTTI;RISO PER RISOTTO SCOTTI
RISO RIBE SCOTTI;RISO RIBE SCOTTI
RISO RIBE SCOTTI;RISO RICE SCOTTI
RITAGLI DI POLLO COTTO;RITAGLI DI POLLO COTTO
RITAGLI DI POLLO COTTO;RITAGLI DI POLPO COTTO
ROBIOLA NONNO NANNI;ROBIOLA NONNO NANNI
ROBIOLA NONNO NANNI;ROBIOLA NONNO NONNI
ROBIOLA SENZA LATTOSIO NONNO NANNI;ROBIOLA NONNO NANNI SENZA LATTOSIO
ROBIOLA SENZA LATTOSIO NONNO NANNI;ROBIOLA SENZA LATTOSIO NONNO NANNI
SACCHI ANTIFORO SPAZZY DOMO PAK;SACCHI ANTIFORO PROFUMATI SPAZZY DOMO PAK
SACCHI ANTIFORO SPAZZY DOMO PAK;SACCHI ANTIFORO SPAZZY DOMO PAK
SACCHI ANTIFORO SPAZZY DOMO PAK;SACCHI ANTIFORO SPAZZY DOMO PAN
SACCONI ANTIFORO SPAZZY;SACCHI ANTIFORO SPAZZY
SACCONI ANTIFORO SPAZZY;SACCONI ANTIFORO SPAZZY
SALAME DI CIOCCOLATO;SALAME AL CIOCCOLATO
SALAME DI CIOCCOLATO;SALAME DI CIOCCOLATO
SALAME DI CIOCCOLATO;SALAME DI GIOCCOLATO
SALAME GRANMAGRO CASA MODENA;SALAME GRANMAGRO CASA MODENA
SALAME GRANMAGRO CASA MODENA;SALAME GRANNAGRO CASA MODENA
SALAME GRANMAGRO GRAN TERRE;SALAME GRANNAGRO GRAN TERRA
SALAME GRANMAGRO GRAN TERRE;SALAME GRANNAGRO GRAN TERRE
SALAMELLE DI SUINO;SALAMELLA DI SUINO
SALAMELLE DI SUINO;SALAMELLE DI SUINO
SALMONE NORVEGESE AFFUMICATO NOVA DE LUXE;SALMONE NORVEGESE AFFUMICATO NOVA DE LUXE
SALMONE NORVEGESE AFFUMICATO NOVA DE LUXE;SALMONE NORVESE AFFUMICATO HOVA DE LUXE
SALSA AGROMONTE DATTERINO CILIEGINO E BASILICO;SALSA AGROMONTE DATTERINO CILIEGINO E BASILICO
SALSA AGROMONTE DATTERINO CILIEGINO E BASILICO;SALSA AGRONUTRI DATTERNO, CILIEGIO E BASILICO
SALSA DEVELEY;SALSA DEVEYL
SALSA DEVELEY;SALSA DEVEYLE
SALSA MONODOSE BIFFI;SALSA MONODOSE BIFFI
SALSA MONODOSE BIFFI;SALSE MONODOSE BIFFI
SALSA PRONTA DI POMODORO DATTERINI;SALSA PRONTA DI POMODORO DATTERINI
SALSA PRONTA DI POMODORO DATTERINI;SALSA PRONTA DI POMODORO DATTERINO
SALSA SACLÀ;SALSA SACLÀ
SALSA SACLÀ;SALSE SACLÀ
SALSE DI FRUTTA BIFFI;SALSA DI FRUTTA BIFFI
SALSE DI FRUTTA BIFFI;SALSE DI FRUTTA BIFFI
SALVIETTE BABY FRESH;SALVETTE BABY FRESH
SALVIETTE BABY FRESH;SALVIETTE BABY FRESH
SALVIETTE BABY NICE;SALVETTE BABY NICE
SALVIETTE BABY NICE;SALVIETTE BABY NICE
SALVIETTE HUGGIES UNISTAR;SALVIETTE HUGGIES UNISTAR
SALVIETTE HUGGIES UNISTAR;SALVIETTE UNISTAR HUGGIES
SALVIETTE MILLEUSI;SALVIETTE MILLEUIS
SALVIETTE MILLEUSI;SALVIETTE MILLEUNI
SALVIETTE MILLEUSI;SALVIETTE MILLIEUS
SALVIETTE MULTISUPERFICIE MASTRO LINDO;SALVIETTE MULTISUPERFICI MASTRO LINDO
SALVIETTE MULTISUPERFICIE MASTRO LINDO;SALVIETTE MULTISUPERFICIE MASTRO LINDO
SANGUE DI GIUDA DELL'OLTRÉPO PAVESE DOC;SANGUE DI GIUDA DELL'OLTREPÒ PAVESE DOC
SANGUE DI GIUDA DELL'OLTRÉPO PAVESE DOC;SANGUE DI GIUDA DELL'OLTRÉPO PAVESE DOC
SANGUE DI GIUDA DELL'OLTRÉPO PAVESE DOC;SANGUE DI GUIDA DELL'OLTREPÒ PAVESE DOC
SAPONE CREMA SPUMA MARSIGLIA;BAGNODOCCIA CREMA SPUMA DI SCAMPAGNA
SAPONE CREMA SPUMA MARSIGLIA;BAGNODOCCIA CREMA SPUMA DI SCIAMPAGNA
SAPONE CREMA SPUMA MARSIGLIA;RICARICA SAPONE CREMA DI SCIAMPAGNA MARSILIA
SAPONE CREMA SPUMA MARSIGLIA;SAPONE CREMA SPUMA CI SCHIAMPAGNA MARSIGLIA
SAPONE CREMA SPUMA MARSIGLIA;SAPONE CREMA SPUMA DI CIAMPAGNA
SAPONE CREMA SPUMA MARSIGLIA;SAPONE CREMA SPUMA DI SCIAMMAGNA
SAPONE CREMA SPUMA MARSIGLIA;SAPONE CREMA SPUMA DI SCIAMPAGNA
SAPONE CREMA SPUMA MARSIGLIA;SAPONE CREMA SPUMA DI SCIAMPAGNA MARSIGLIA
SAPONE CREMA SPUMA MARSIGLIA;SAPONE CREMA SPUMA MARSIGLIA
SAPORI ITALIANI;CONFEZIONE SAPORI ITALIANI
SAPORI ITALIANI;SAPORI ITALIANI
SARDINE ALL'OLIO DI OLIVA PICCANTI;SARDINE ALL'OLIO DI OLIVA PICCANTI
SARDINE ALL'OLIO DI OLIVA PICCANTI;SARDINE DELICIUS ALL'OLIO DI OLIVA
SCAMORZA AFFUMICATA BIANCA;SCAMORZA AFFUMICATA BIANCA
SCAMORZA AFFUMICATA BIANCA;SCAMORZA AFFUMICATA, BIANCA
SCHIACCIATELLE OLIVE PIZZA;SCHIACCIATELLE OLIVE PIZZA
SCHIACCIATELLE OLIVE PIZZA;SCHIACCIATELLE OLIVE, PIZZA
SCIROPPO D'AGAVE BIO;SCIROPPO D'AGAVE BIO
SCIROPPO D'AGAVE BIO;SIROPPO D'AGAVE BIO
SCOPA TONKITA DUAL ARIX;SCOPA DUAL TONKITA BY ARIX
SCOPA TONKITA DUAL ARIX;SCOPA TONKITA DUAL ARIK
SCOPA TONKITA DUAL ARIX;SCOPA TONKITA DUAL ARK
SCOTTEX AMORE DI CASA;AMORE DI CASA SCOTTEX
SCOTTEX AMORE DI CASA;SCOTTEX AMORE DI CASA
SEMI IN BUSTE MAXI;SEMI IN BUSTE MAX
SEMI IN BUSTE MAXI;SEMI IN BUSTE MAXI
SENAPE DELICATA;SENAPE DELICATA
SENAPE DELICATA;SENEPE DELICATA
SFILACCI DI BRESAOLA;SFILACCI DI BRESAOLA
SFILACCI DI BRESAOLA;SFILACCI DI BRESSAOLA
SFILACCI DI BRESAOLA VIAGGIO DEL GUSTO;SFILACCI DI BRESOLA VIAGGIO DEL GUSTO
SFILACCI DI BRESAOLA VIAGGIO DEL GUSTO;SFILACCI DI BRESSOLA VIAGGIO NEL GUSTO
SFOGLIA EXTRAFINE LASAGNE;FOGLIA EXTRAFINE LASAGNE
SFOGLIA EXTRAFINE LASAGNE;SFOGLIA EXTRAFINE LASAGNE
SGRASSATORE UNIVERSALE CHANTE CLAIR;SGGRASSATORE UNILEVERE CHANTE CLAIR
SGRASSATORE UNIVERSALE CHANTE CLAIR;SGRASSATORE UNIVERSALE CHAMTE CLAIR
SGRASSATORE UNIVERSALE CHANTE CLAIR;SGRASSATORE UNIVERSALE CHANTE CLAIRE
SGRASSATORE UNIVERSALE CHANTE CLAIR MARSIGLIA;SGRASSATORE UNIVERSALE CHANTE CLAIR
SGRASSATORE UNIVERSALE CHANTE CLAIR MARSIGLIA;SGRASSATORE UNIVERSALE CHANTE CLAIR MARSIGLIA
SNACK DI MAIS AL FORMAGGIO;CROCK & SNACK GUSTO FORMAGGIO SCOTTI
SNACK DI MAIS AL FORMAGGIO;SNACK DI MAIS AL FORMAGGIO
SNACK DI MAIS AL FORMAGGIO;SNACK DI MAIS GUSTO FORMAGGIO
SNACK NESQUIK CACAO LATTE;SNACK NESQUIK CACAO LATTE
SNACK NESQUIK CACAO LATTE;SNACK NESQUIK NESTLÉ CACAO LATTE
SNACK NESQUIK CACAO LATTE;SNACK NESQUIK NESTLÉ CACAO, LATTE
SOFFICINI FINDUS;SOFFICINI FINDUS
SOFFICINI FINDUS;SOFFICINI FINUS
SOFFICINI FINDUS;SOFFRINI FINDUS
SOFFICINI FINDUS;SOFFYCINI FINDUS
SPAZZOLINO ELETTRICO VITALITY ORAL-B;SPAZZOLINO ELETTRICO ORAL-B VITALITY PRO
SPAZZOLINO ELETTRICO VITALITY ORAL-B;SPAZZOLINO ELETTRICO VITALITY ORAL-B
SPAZZOLINO ELETTRICO VITALITY ORAL-B;SPAZZOLINO ELETTRICO VITALITY PRO ORAL-B
SPECK ALTO ADIGE IGP;SPECK ALTO ADIGE IGP
SPECK ALTO ADIGE IGP;SPECK ALTO ADIGE IGP MOSER
SPECK ALTO ADIGE IGP;SPECK ALTO ADIGE IGP SEMPER
SPECK ALTO ADIGE IGP;SPECK ALTO ADIGE IGP SENFTER
SPECK ALTO ADIGE IGP;SPECK ALTO ADIGE IGP STICKS
SPIANATA PICCANTE;SPIANATA PICCANTE
SPIANATA PICCANTE;SPIANATINA PICCANTE
SPIANATA PICCANTE;SPINATANTA PICCANTE
SPIANATA PICCANTE;SPINATINA PICCANTE
SPIEDINI DI TOMINI;SPIDINI DI TOMINI
SPIEDINI DI TOMINI;SPIEDINI DI TOMINI
SPINACI BIETOLE;SPINACI BIETOLE
SPINACI BIETOLE;SPINACI, BIETOLE
SPINACI BIETOLE MIOORTO;SPINACI BIETOLE MIOORTO
SPINACI BIETOLE MIOORTO;SPINACI, BIETOLE MIOORTO
SPINACI LE BONTÀ DELL'ORTO MIORTO;BIETOLE LE BONTÀ DELL'ORTO MIORTO
SPINACI LE BONTÀ DELL'ORTO MIORTO;SPINACI LE BONTÀ DELL'ORTO MIORTO
SPINACINE ORIGINALI AIA;SPINACINE AIA ORIGINALI
SPINACINE ORIGINALI AIA;SPINACINE ORIGINALI AIA
SPUGNA VILEDA;SPUGNA VILEDA
SPUGNA VILEDA;SPUGNE VILEDA
SPUGNA VILEDA ULTRA FRESH;SPUGNA ABRASIVA ULTRA FRESH VILEDA
SPUGNA VILEDA ULTRA FRESH;SPUGNA VILEDA ULTRA FRESH
SPUMANTE BRUT DOLCE CUVÉE;SPUMANTE BRUT DOLCE CUVÉE
SPUMANTE BRUT DOLCE CUVÉE;SPUMANTE DOLCE CUVÉE BRUT
SPUMANTE BRUT DOLCE CUVÉE;SPUMANTE DOLCE CUVÉE, BRUT
SPUMANTE BRUT GRAN DESSERT;SPUMANTE BRUT GRAN DESSERT
SPUMANTE BRUT GRAN DESSERT;SPUMANTE CUVÉE BRUT GRAN DESSERT
SPUMANTE EXTRA DRY DOC;SPUMANTE EXTRA DRY DOC
SPUMANTE EXTRA DRY DOC;SPUMANTE SOAVE EXTRA DRY DOC
SPUMANTE MÜLLER THURGAU EXTRA DRY;SPUMANTE MÜLLER THURGAU EXTRA DRY
SPUMANTE MÜLLER THURGAU EXTRA DRY;VINO SPUMANTE MÜLLER THURGAU EXTRA DRY
SPUNTI TONNO PROSCIUTTO COTTO;SPUNTI SIMMENTHAL TONNO PROSCIUTTO COTTO
SPUNTI TONNO PROSCIUTTO COTTO;SPUNTI TONNO PROSCIUTTO COTTO
SQUAQUERELLO NONNO NANNI;SQUAGUERELLO NONNO NANNI
SQUAQUERELLO NONNO NANNI;SQUAQUERELLO NONNO NANNI
STELLE FILANTI;STELLE FILANTI
STELLE FILANTI;STELLE FILANTI*
STRACCHINO NONNO NANNI;STRACCHINO NONNI NANNI
STRACCHINO NONNO NANNI;STRACCHINO NONNO NANNI
STRACCHINO SENZA LATTOSIO;STRACCHINO SENZA LATTOSIO
STRACCHINO SENZA LATTOSIO;STRACCHINO SENZA LATTOSO
STROZZAPRETI TROCCOLI;STROZZAPRETI TROCCOLI
STROZZAPRETI TROCCOLI;STROZZAPRETI, TROCCOLI
SUCCO DI FRUTTA BIO;SUCCO DI FRUTTA BIO
SUCCO DI FRUTTA BIO;SUICCO DI FRUTTA BIO
SUCCO DI FRUTTA BIO MULTI GOLD;SUCCO DI FRUTTA BIO MULTI GOLD
SUCCO DI FRUTTA BIO MULTI GOLD;SUCCO DI FRUTTA BIO MULTI GUSTI
SUCCO DI LIMONI SICILIANI LIMMI;SUCCO DI LIMONI DI SICILIA LIMMI
SUCCO DI LIMONI SICILIANI LIMMI;SUCCO DI LIMONI SICILIANI LIMMI
SUCCO E POLPA DI FRUTTA;SUCCO E POLPA DI FRUTTA
SUCCO E POLPA DI FRUTTA;SUCCO E POLPA DI FRUTTA JOLLY
SUGO ALLA MARINARA APPETAIS;SUGO ALLA MARINARA APERTAIS
SUGO ALLA MARINARA APPETAIS;SUGO ALLA MARINARA APP'ETAS
SUGO ALLA MARINARA APPETAIS;SUGO ALLA MARINARA APPETAIS
SUGO ALLA MARINARA APPETAIS;SUGO ALLA MARINARA APPETATIS
SUGO ALLA MARINARA APPETAIS;SUGO ALLA MARINARA APPETTAIS
SUGO ALLE VONGOLE APPETAIS;SUGO ALLE VONGOLE APERTAIS
SUGO ALLE VONGOLE APPETAIS;SUGO ALLE VONGOLE APETIS
SUGO ALLE VONGOLE APPETAIS;SUGO ALLE VONGOLE APPETAIS
SUGO ALLE VONGOLE APPETAIS;SUGO ALLE VONGOLE APPETTAIS
SUGO ALLE VONGOLE APPETAIS;SUGO ALLE VONGOLE PAPAITAIS
SUGO BARILLA BASILICO ARRABBIATA;SUGO BARILLA BASILICO ARRABBIATA
SUGO BARILLA BASILICO ARRABBIATA;SUGO BARILLA BASILICO, ARRABBIATA
SUGO PRONTO AI FRUTTI MARE ROSSO ALLE COZZE;SUGO PRONTO AI FRUTTI DI MARE, ROSSO ALLE COZZE
SUGO PRONTO AI FRUTTI MARE ROSSO ALLE COZZE;SUGO PRONTO AI FRUTTI MARE ROSSO ALLE COZZE
SUGO PRONTO DI MARE;SUGO PRONTO DI MARE
SUGO PRONTO DI MARE;SUGO PRONTO FRUTTI DI MARE
SUGO PRONTO GUSTI ASSORTITI;SUGHI PRONTI GUSTI ASSORTITI
SUGO PRONTO GUSTI ASSORTITI;SUGO PRONTO GUSTI ASSORTISTI
SUGO PRONTO GUSTI ASSORTITI;SUGO PRONTO GUSTI ASSORTITI
SUGO SCOGLIO APPETAIS;SUGO SCOGGLIA APPETATIS
SUGO SCOGLIO APPETAIS;SUGO SCOGLIO APPETTAIS
SUGO SCOGLIO APPETTAIS;SUGO SCOGLIO APPETATIS
SUGO SCOGLIO APPETTAIS;SUGO SCOGLIO APPETTASI
SUGO SCOGLIO CON POMODORO;SUGO SCOGLIO APPETETAIS CON POMODORO
SUGO SCOGLIO CON POMODORO;SUGO SCOGLIO APPETTAIS CON POMODORO
SUGO SCOGLIO CON POMODORO;SUGO SCOGLIO CON POMODORO
SUGO SCOGLIO CON POMODORO;SUGO SCOLIO APPETTAIS CON POMODORO
SUPERMOCIO SISTEMA REVOLUTION VILEDA;RICARICA SUPERMOCIO VILEDA REVOLUTION
SUPERMOCIO SISTEMA REVOLUTION VILEDA;SUPERMOCIO SISTEMA REVOLUTION VILEDA
SUPERMOCIO SISTEMA REVOLUTION VILEDA;SUPERMOCIO SISTEMA REVOLUTION VILEDA RICARICA
SUPERMOCIO SISTEMA REVOLUTION VILEDA;SUPERNOCHIO SISTEMA REVOLUTION VILEDA
SUPERMOCIO SISTEMA REVOLUTION VILEDA;SUPERNOCHIO SISTEMA REVOLUTION VILEDA RICARICA
SUPERMOCIO TORSION POWER VILEDA;SUPERMOCIO TORSION POWER REDA
SUPERMOCIO TORSION POWER VILEDA;SUPERMOCIO TORSION POWER VILEDA
SUSUMANIELLO SALENTO IGT;SUSUMANIELLO SALENTO IGT
SUSUMANIELLO SALENTO IGT;SUSUMNIELLO SALENTO IGT
TAGLIATELLE ALL'UOVO BARILLA;LASAGNE ALL'UOVO EMILIANE BARILLA
TAGLIATELLE ALL'UOVO BARILLA;LASAGNE SPESSE ALL'UOVO EMILIANE BARILLA
TAGLIATELLE ALL'UOVO BARILLA;LASAGNE SPESSE EMILIANE BARILLA
TAGLIATELLE ALL'UOVO BARILLA;TAGLIATELLE ALL'UOVO BARILLA
TAGLIATELLE ALL'UOVO BARILLA;TAGLIATELLE ALL'UOVO EMILIANE BARILLA
TAGLIATELLE ALL'UOVO BARILLA;TORTELLINI ALL'UOVO EMILIANE BARILLA
TARTINE SALMONE E GAMBERETTI;TARTINE SALMONE E GAMBERETTI
TARTINE SALMONE E GAMBERETTI;TARTINE SALMONE E GAMBERI
TENERONI GRAN TERRE PRODOTTO COTTO;PROSCIUTTO COTTO GRAN TENERONE GRAN TERRE
TENERONI GRAN TERRE PRODOTTO COTTO;TENERONI GRAN TERRE PRODOTTO COTTO
TENERONI GRAN TERRE PRODOTTO COTTO;TENERONI GRAN TERRE PROSCIUTTO COTTO
TENERONI GRAN TERRE PRODOTTO COTTO;TENERONI L'ORIGINALE GRAN TERRE PROSCIUTTO COTTO
TENERONI HAMBURGER CON PROSCIUTTO COTTO;HAMBURGER CON PROSCIUTTO COTTO TENERONI
TENERONI HAMBURGER CON PROSCIUTTO COTTO;TENERONI HAMBURGER CON PROSCIUTTO COTTO
TERRE SICILIANE IGT GRILLO;TERRE SICILIANE IGT GRILLO
TERRE SICILIANE IGT GRILLO;VINO GRILLO TERRE SICILIANE IGT
TOMINI CLASSICI;TOMINI CLASSICI
TOMINI CLASSICI;TOMINI CLASSICO
TONNO CALATA DE MARI;TONNO CALATA DE MARI
TONNO CALATA DE MARI;TONNO CALATA DI MARI
TONNO GOCCIA D'OLIO MARUZZELLA;TONNO GOCCIA D'OLIO MARUZELLA
TONNO GOCCIA D'OLIO MARUZZELLA;TONNO GOCCIA D'OLIO MARUZZELLA
TONNO IN OLIO DI GIRASOLE;TONNO IN OLIO DI GIRASOLE
TONNO IN OLIO DI GIRASOLE;TONNO MORETTI IN OLIO DI GIRASOLE
TONNO IN OLIO DI GIRASOLE;TONNO OLIO DI SEMI DI GIRASOLE
TONNO IN OLIO DI GIRASOLE;TRANCETTI DI TONNO IN OLIO DI GIRASOLE
TONNO MAREBLU OLIO DI OLIVA;TONNO MAREBLU ALL'OLIO DI OLIVA
TONNO MAREBLU OLIO DI OLIVA;TONNO MAREBLU IN OLIO DI OLIVA
TONNO MAREBLU OLIO DI OLIVA;TONNO MAREBLU OLIO DI OLIVA
TONNO MAREBLU OLIO DI OLIVA;TONNO MARUZELLA ALL'OLIO DI OLIVA
TONNO MAREBLU OLIO DI OLIVA;TONNO NOSTROMO ALL'OLIO DI OLIVA
TONNO MAREBLU OLIO DI OLIVA;TRANCIO DI TONNO IN OLIO DI OLIVA
TONNO MAREBLU OLIO DI OLIVA;VENTRESCA DI TONNO IN OLIO DI OLIVA
TONNO MARUZZELLA;TONNO MARUZELLA
TONNO MARUZZELLA;TONNO MARUZZELLA
TONNO ZERO NOSTROMO;TONNO ZERO NOSTRO
TONNO ZERO NOSTROMO;TONNO ZERO NOSTROMO
TORRONCINI VERGANI;TORRINCINI VERGANI
TORRONCINI VERGANI;TORRONCINI VERGANI
TORTELLINI CON PROSCIUTTO CRUDO BARILLA;TORTELLINI AL PROSCIUTTO CRUDO EMILIANE BARILLA
TORTELLINI CON PROSCIUTTO CRUDO BARILLA;TORTELLINI CON PROSCIUTTO CRUDO BARILLA
TORTILLA SEÑORITA AMICA CHIPS;TORTILLA SEÑORITA AMICA CHIPS
TORTILLA SEÑORITA AMICA CHIPS;TORTILLA TONDA SEÑORITA AMICA CHIPS
TOVAGLIETTE AMERICANE TUTTO;TOVAGLIETTE AMERICANE TUTTO
TOVAGLIETTE AMERICANE TUTTO;TUTTO TOVAGLIETTE AMERICANE
TOVAGLIOLI BONNY;TOVAGLIOLI BONNY
TOVAGLIOLI BONNY;TOWAGLIOLI BONNY
TOVAGLIOLI BRAVO;TONAGLIOLI BRAVO
TOVAGLIOLI BRAVO;TOVAGLIOLI BRAVO
TOVAGLIOLI BRAVO;TOWAGLIOLI BRAVO
TOVAGLIOLI FANTASIE ASSORTITE;TOVAGLIOLI FANTASIE ASSORTITE
TOVAGLIOLI FANTASIE ASSORTITE;TOWAGLIOLI FANTASIE ASSORTITE
TOVAGLIOLI FIORI DI CARTA;TOVAGLIOLI FIORI DI CARTA
TOVAGLIOLI FIORI DI CARTA;TOWAGLIOLI FIOR DI CARTA
TOVAGLIOLI MONOVELO BRAVO;TOVAGLIOLI MONOHEVO BRAVO
TOVAGLIOLI MONOVELO BRAVO;TOVAGLIOLI MONOVOLO BRAVO
TOVAGLIOLI MONOVELO BRAVO;TOWAGLIOLI MONOVELO BRAVO
TOVAGLIOLI MONOVELO SCOTTEX;132 TOVAGLIOLI MONOVELO SCOTTEX
TOVAGLIOLI MONOVELO SCOTTEX;T OVAGLIOLI MONOVELO SCOTTEX
TOVAGLIOLI MONOVELO SCOTTEX;TOVAGLIOLI MONOHELO SCOTTEX
TOVAGLIOLI MONOVELO SCOTTEX;TOVAGLIOLI MONOVOLO SCOTTEX
TOVAGLIOLI TUTTO;TOVAGLIOLI TUTTO
TOVAGLIOLI TUTTO;TُOVAGLIOLI TUTTO
TOWAGLIOLI FIOR DI CARTA;TOWAGLIOLI DI CARTA LIFESTYLE
TOWAGLIOLI FIOR DI CARTA;TOWAGLIOLI FIOR DI CARTA LIFESTYLE
TRANCETTI DI TONNO NOSTROMO;TRANCETTI DI TONNO NOSTRO NOSTROMO
TRANCETTI DI TONNO NOSTROMO;TRANCIETTI DI TONNO NOSTROMO
TRANCIETTI DI TONNO NOSTROMO;TRANCETTI DI TONNO NOSTROMO
TRANCIETTI DI TONNO NOSTROMO;TRANCHETTI DI TONNO NOSTROMO
TRITA MAGRA DI BOVINO ADULTO;MACINATA MAGRA DI BOVINO ADULTO
TRITA MAGRA DI BOVINO ADULTO;MACINATA SCELTA DI BOVINO ADULTO
TRITA MAGRA DI BOVINO ADULTO;TRITA EXTRA MAGRA DI BOVINO ADULTO
TRITA MAGRA DI BOVINO ADULTO;TRITA MAGRA DI BOVINO ADULTO
TRITA MAGRA DI BOVINO ADULTO;TRITA MAGRISSIMA DI BOVINO ADULTO
TRITA MAGRA DI BOVINO ADULTO;TRITA SCELTA DI BOVINO ADULTO
TURBO REFILL 100% MICROFIBRE;TURBO REFILL 100 MICROFIBRE VILEDA
TURBO REFILL 100% MICROFIBRE;TURBO REFILL 100% MICROFIBRE
TURBO REFILL 100% MICROFIBRE;TURBO REFILL 100% MICROFIBRE VILEDA
TÈ VERDE TWININGS;TÈ VERDE TWININGS
TÈ VERDE TWININGS;TÈ VERDE TWINNINGS
UOVA DA ALLEVAMENTO A TERRA;6 UOVA DA ALLEVAMENTO A TERRA
UOVA DA ALLEVAMENTO A TERRA;UOVA DA ALLEVAMENTO A TERRA
UOVA FRESCHE LE PIEMONTESE;6 UOVA FRESCHE LE PIEMONTESE
UOVA FRESCHE LE PIEMONTESE;6 UOVA FRESCHE LE PIEMONTESINE
UOVA FRESCHE LE PIEMONTESE;UOVA FRESCHE LE PIEMONTESE
UOVO KINDER SORPRESA;UOVO KINDER GRAN SORPRESA
UOVO KINDER SORPRESA;UOVO KINDER SORPRESA
UOVO SONIC DOLFIN;UOVO SONIC DOLCI
UOVO SONIC DOLFIN;UOVO SONIC DOLFIN
VASCHETTA IN ALLUMINIO CON COPPERCHIO DOMO PAK;VASCHETTA IN ALLUMINIO CON COPERCHIO DOMPO PAK
VASCHETTA IN ALLUMINIO CON COPPERCHIO DOMO PAK;VASCHETTA IN ALLUMINIO CON COPPERCHIO DOMO PAK
VASCHETTA IN ALLUMINIO DOMO PAK;VASCHETTA IN ALLUMINIO DOMO PAK
VASCHETTA IN ALLUMINIO DOMO PAK;VASCHETTE IN ALLUMINIO DOMO PAK
VERDURE PEPERLIZIA PONTI;VERDURE PEPERIZIA PONTI
VERDURE PEPERLIZIA PONTI;VERDURE PEPERLIZIA PONTI
VERMENTINO TERRE SICILIANE IGT;VERMENTINO TERCINE SICILIANE IGT
VERMENTINO TERRE SICILIANE IGT;VERMENTINO TERRE SICILIANE IGT
VINO BIANCO ROSSO;VINO BIANCO ROSSO
VINO BIANCO ROSSO;VINO BIANCO, ROSSO
VINO BIANCO ROSSO;VINO BIANCO, VINO ROSSO
VINO FRIZZANTE AMABILE BIANCO;VINO BIANCO FRIZZANTE AMABILE
VINO FRIZZANTE AMABILE BIANCO;VINO FRIZZANTE AMABILE BIANCO
VINO GUTTURNIO DOC;VINO GUTTUNIO DOC
VINO GUTTURNIO DOC;VINO GUTTURNIO DOC
VINO SPUMANTE BRUT ROSÉ;VINO SPUMANTE BRUT ROSÉ
VINO SPUMANTE BRUT ROSÉ;VINO SPUMANTE BRUTÉ ROSÉ
VITEL TONNÈ VIVA LA MAMMA BERETTA;VITEL TONNÈ VIVA LA MAMMA BERETTA
VITEL TONNÈ VIVA LA MAMMA BERETTA;VITEL TONNÉ VIVA LA MAMMA BERETTA
VOGURT INTERO;VOGURT INTERO
VOGURT INTERO;YOGURT INTERO
VONGOLE CON GUSCIO COTTE;VONGOLE CON GUSCIO COTTE
VONGOLE CON GUSCIO COTTE;VONGOLE COTTE CON GUSCIO
WAFER CLASSIC LOACKER;WAFER CLASSIC LOACKER
WAFER CLASSIC LOACKER;WAFER CLASSIC LOCKER
WAFER VANIGLIA CACAO;WAFER CACAO, VANIGLIA
WAFER VANIGLIA CACAO;WAFER VANIGLIA CACAO
WAFER VANIGLIA CACAO;WAFER VANIGLIA, CACAO
WÜRSTEL DI POLLO E TACCHINO;WÜRSTEL DI POLLO E CUCCHINO
WÜRSTEL DI POLLO E TACCHINO;WÜRSTEL DI POLLO E TACCHINO
WÜRSTEL DI POLLO E TACCHINO;WÜRSTEL DI POLLO O TACCHINO
YOGURT 0,1% DI GRASSI VIPITENO;YOGURT 0,1% DI GRASSI VIPITENO
YOGURT 0,1% DI GRASSI VIPITENO;YOGURT MAGRO 0,1% GRASSI VIPITENO
YOGURT 0,1% DI GRASSI VIPITENO;YOGURT MAGRO 0.1 GRASSI VIPITENO
YOGURT 0,1% DI GRASSI VIPITENO;YOGURT MAGRO 0.1% GRASSI VIPITENO
YOGURT ACTIVE MIX STUFFER;YOGURT ACTIVE BB12 MIX STUFFER
YOGURT ACTIVE MIX STUFFER;YOGURT ACTIVE MIX STUFFER
YOGURT BIANCO CLASSICO MAGRO;YOGURT BIANCO CLASSICO MAGRO
YOGURT BIANCO CLASSICO MAGRO;YOGURT BIANCO MAGRO CLASSICO
YOGURT CREMOSO LATTERIA BRUNICO;YOGURT CREMOSO BIANCO LATTERIA BRUNICO
YOGURT CREMOSO LATTERIA BRUNICO;YOGURT CREMOSO INTERO LATTERIA BRUNICO
YOGURT CREMOSO LATTERIA BRUNICO;YOGURT CREMOSO LATTERIA BRUNICO
YOGURT DA BERE MAGRO SENZA LATTOSIO STUFFER;YOGURT DA BERE MAGRO SENZA LATTOSIO STUFFER
YOGURT DA BERE MAGRO SENZA LATTOSIO STUFFER;YOGURT DA BERE MAGRO SENZA LATTOSIO STUFFER FRAGOLA
YOGURT HERAKLES BIANCO;YOGURT BIANCO HERAKLES
YOGURT HERAKLES BIANCO;YOGURT HERAKLES BIANCO
YOGURT HERAKLES BIANCO MAGRO;YOGURT HERAKLES BIANCO MAGRO
YOGURT HERAKLES BIANCO MAGRO;YOGURT HERAKLES BIANCO MAGRO NORMALE
YOGURT INTERO SENZA LATTOSIO;YOGURT INTERO SENZA LATTOSIO
YOGURT INTERO SENZA LATTOSIO;YOGURT INTERO SENZA LATTOSIO FRAGOLA
YOGURT SUPERMARINO DANONE FRAGOLA;YOGURT SUPER MARIO DANONE FRAGOLA
YOGURT SUPERMARINO DANONE FRAGOLA;YOGURT SUPERMARINO DANONE FRAGOLA
YOGURT SUPREMO DANONE;YOGURT SUPERMARIO DANONE
YOGURT SUPREMO DANONE;YOGURT SUPREMO DANONE
ZUPPA KOME TE;ZUPPA KOME TE
ZUPPA KOME TE;ZUPPE KOME TE
