TIPO;SIMILARITA;PRODOTTO_A;OCCORRENZE_A;PRODOTTO_B;OCCORRENZE_B;MANTIENI;ELIMINA;NOTE;PROPOSTA;RAGIONAMENTO;CONFIDENZA
ERRORE_BATTITURA;98%;GRATTUGIATO FRESCO GRAN BIRAGHI;1;GRATTUGIATO FRESCO GRAN BIRAGHNI;1;GRATTUGIATO FRESCO GRAN BIRAGHI;;"VERIFICATO: ""BIRAGHI"" è la dicitura corretta";GRATTUGIATO FRESCO GRAN BIRAGHI;GIA COMPILATO;ALTA
ERRORE_BATTITURA;98%;BARATTOLINO SUBLIME SAMMONTANA;1;BARATTOLINO SUBLIME SAMONTANA;1;BARATTOLINO SUBLIME SAMMONTANA;;"VERIFICATO: ""SAMMONTANA"" è la dicitura corretta";BARATTOLINO SUBLIME SAMMONTANA;GIA COMPILATO;ALTA
ERRORE_BATTITURA;98%;AMMORBIDENTE CHANTECLAIR;1;AMMORBIDENTE CHANTRECLAIR;1;AMMORBIDENTE CHANTECLAIR;;VERIFICATO: CHANTECLAIR (una parola) è il marchio ufficiale;AMMORBIDENTE CHANTECLAIR;GIA COMPILATO;ALTA
ERRORE_BATTITURA;98%;MAXBON NESTLÉ CLASSIC;1;MAXIBON NESTLÉ CLASSIC;1;MAXIBON NESTLÉ CLASSIC;;"VERIFICATO: ""MAXIBON"" è la dicitura corretta";MAXIBON NESTLÉ CLASSIC;GIA COMPILATO;ALTA
ERRORE_BATTITURA;95%;GRATTIGIATO FRESCO GRAN BIRAGHI;1;GRATTUGIATO FRESCO GRAN BIRAGHNI;1;GRATTIGIATO FRESCO GRAN BIRAGHI;;"VERIFICATO: ""BIRAGHI"" è la dicitura corretta";GRATTIGIATO FRESCO GRAN BIRAGHI;GIA COMPILATO;ALTA
ERRORE_BATTITURA;97%;SGRASSATORE UNIVERSALE CHAMTE CLAIR;1;SGRASSATORE UNIVERSALE CHANTE CLAIR;1;SGRASSATORE UNIVERSALE CHANTE CLAIR;;"ENTRAMBE ERRATE: nessuna è ""CHANTECLAIR"" - servirebbe creare il prodotto corretto e migrare entrambe";SGRASSATORE UNIVERSALE CHANTE CLAIR;GIA COMPILATO;ALTA
ERRORE_BATTITURA;98%;GRATTUGIATO FRESCO GRAN BIRAGHINI;1;GRATTUGIATO FRESCO GRAN BIRAGHNI;1;GRATTUGIATO FRESCO GRAN BIRAGHINI;;NON DUPLICATO: BIRAGHINI è un prodotto diverso (formaggio in cubetti), non un refuso;GRATTUGIATO FRESCO GRAN BIRAGHINI;GIA COMPILATO;ALTA
ERRORE_BATTITURA;97%;GRATTUGIATO FRESCO GRAN BIRAGHI;1;GRATTUGIATO FRESCO GRAN BIRAGHINI;1;GRATTUGIATO FRESCO GRAN BIRAGHINI;;NON DUPLICATO: BIRAGHINI è un prodotto diverso (formaggio in cubetti), non un refuso;GRATTUGIATO FRESCO GRAN BIRAGHINI;GIA COMPILATO;ALTA
ERRORE_BATTITURA;96%;GRAN BIRAGHI GRATTUGIATO;1;GRAN BIRAGHINI GRATTUGIATO;1;GRATTUGIATO FRESCO GRAN BIRAGHINI;;NON DUPLICATO: BIRAGHINI è un prodotto diverso (formaggio in cubetti), non un refuso;GRATTUGIATO FRESCO GRAN BIRAGHINI;GIA COMPILATO;ALTA
ERRORE_BATTITURA;94%;GRATTIGIATO FRESCO GRAN BIRAGHI;1;GRATTUGIATO FRESCO GRAN BIRAGHINI;1;GRATTUGIATO FRESCO GRAN BIRAGHINI;;NON DUPLICATO: BIRAGHINI è un prodotto diverso (formaggio in cubetti), non un refuso;GRATTUGIATO FRESCO GRAN BIRAGHINI;GIA COMPILATO;ALTA
ERRORE_BATTITURA;99%;CONTORNO GHIOTTO CON VERDURE GRIGLIATE;2;CONTORNO GHOTTO CON VERDURE GRIGLIATE;1;CONTORNO GHIOTTO CON VERDURE GRIGLIATE;;DA RIVEDERE MANUALMENTE;CONTORNO GHIOTTO CON VERDURE GRIGLIATE;GIA COMPILATO;ALTA
ERRORE_BATTITURA;99%;SALVIETTE MULTISUPERFICI MASTRO LINDO;1;SALVIETTE MULTISUPERFICIE MASTRO LINDO;1;SALVIETTE MULTISUPERFICIE MASTRO LINDO;;DA RIVEDERE MANUALMENTE;SALVIETTE MULTISUPERFICIE MASTRO LINDO;GIA COMPILATO;ALTA
ERRORE_BATTITURA;99%;SGRASSATORE UNIVERSALE CHANTE CLAIR;1;SGRASSATORE UNIVERSALE CHANTE CLAIRE;1;SGRASSATORE UNIVERSALE CHANTE CLAIR;;DA RIVEDERE MANUALMENTE;SGRASSATORE UNIVERSALE CHANTE CLAIR;GIA COMPILATO;ALTA
ERRORE_BATTITURA;99%;CUBETTI COCKTAIL PREMIUM ICE CUBE;1;CUBETTI COCKTAIL PREMIUM ICE CUBES;1;CUBETTI COCKTAIL PREMIUM ICE CUBE;;DA RIVEDERE MANUALMENTE;CUBETTI COCKTAIL PREMIUM ICE CUBE;GIA COMPILATO;ALTA
ERRORE_BATTITURA;98%;MOZZARELLA BIO VALLELATA GALBANI;1;MOZZARELLA BIO VALLELLATA GALBANI;1;MOZZARELLA BIO VALLELATA GALBANI;;DA RIVEDERE MANUALMENTE;MOZZARELLA BIO VALLELATA GALBANI;GIA COMPILATO;ALTA
ERRORE_BATTITURA;98%;BONHARA DELL'OLTREPÒ PAVESE DOC;1;BONHARDA DELL'OLTREPÒ PAVESE DOC;1;BONARDA DELL'OLTREPO' PAVESE DOC;;DA RIVEDERE MANUALMENTE;BONARDA DELL'OLTREPO' PAVESE DOC;GIA COMPILATO;ALTA
ERRORE_BATTITURA;98%;LATTE UNIT PARZIALMENTE SCREMATO;1;LATTE UNT PARZIALMENTE SCREMATO;1;LATTE UHT PARZIALMENTE SCREMATO;;DA RIVEDERE MANUALMENTE;LATTE UHT PARZIALMENTE SCREMATO;GIA COMPILATO;ALTA
ERRORE_BATTITURA;98%;NEGROAMARO PRIMITIVO SALENTO IGT;1;NEGROMARO PRIMITIVO SALENTO IGT;1;NEGROAMARO PRIMITIVO SALENTO IGT;;DA RIVEDERE MANUALMENTE;NEGROAMARO PRIMITIVO SALENTO IGT;GIA COMPILATO;ALTA
ERRORE_BATTITURA;98%;GAMBERO INDOPACIFICO SGUISCIATO;1;GAMBERO INDOPACIFICO SGUSCIATO;1;GAMBERO INDOPACIFICO SGUSCIATO;;DA RIVEDERE MANUALMENTE;GAMBERO INDOPACIFICO SGUSCIATO;GIA COMPILATO;ALTA
ERRORE_BATTITURA;98%;GNOCCHETTI SPÄTZLE AGLI SPINACI;1;GNOCHETTI SPÄTZLE AGLI SPINACI;1;GNOCHETTI SPATZLE AGLI SPINACI;;DA RIVEDERE MANUALMENTE;GNOCHETTI SPATZLE AGLI SPINACI;GIA COMPILATO;ALTA
ERRORE_BATTITURA;98%;SEPPIOLINE INDOPACIFICHE PULITE;1;SEPPOLINE INDOPACIFICHE PULITE;1;SEPPIOLINE INDOPACIFICHE PULITE;;DA RIVEDERE MANUALMENTE;SEPPIOLINE INDOPACIFICHE PULITE;GIA COMPILATO;ALTA
ERRORE_BATTITURA;98%;OMOGENEIZZATI DI CARNE PLASMON;1;OMOGENIZZATI DI CARNE PLASMON;1;OMOGENEIZZATI DI CARNE PLASMON;;DA RIVEDERE MANUALMENTE;OMOGENEIZZATI DI CARNE PLASMON;GIA COMPILATO;ALTA
ERRORE_BATTITURA;98%;TONNO GOCCIA D'OLIO MARUZELLA;1;TONNO GOCCIA D'OLIO MARUZZELLA;1;TONNO GOCCIA D'OLIO MARUZZELLA;;DA RIVEDERE MANUALMENTE;TONNO GOCCIA D'OLIO MARUZZELLA;GIA COMPILATO;ALTA
ERRORE_BATTITURA;98%;CARAMELLE BOODOM VAMPIRE FINI;1;CARAMELLE BOOOM VAMPIRE FINI;1;CARAMELLE BOODOM VAMPIRE FINI;;DA RIVEDERE MANUALMENTE;CARAMELLE BOODOM VAMPIRE FINI;GIA COMPILATO;ALTA
ERRORE_BATTITURA;98%;CROCCANTINI PER CANI PREMINUM;1;CROCCANTINI PER CANI PREMIUM;1;CROCCANTINI PER CANI PREMIUM;;DA RIVEDERE MANUALMENTE;CROCCANTINI PER CANI PREMIUM;GIA COMPILATO;ALTA
ERRORE_BATTITURA;98%;GORGONZOLA DOP SENZA LATTOSIO;1;GORGONZOLA DOP SENZA LATTOSO;1;GORGONZOLA DOP SENZA LATTOSIO;;DA RIVEDERE MANUALMENTE;GORGONZOLA DOP SENZA LATTOSIO;GIA COMPILATO;ALTA
ERRORE_BATTITURA;98%;PIADELLE TOAST MULINO BIANCO;1;PIADELLET TOAST MULINO BIANCO;1;PIADELLE TOAST MULINO BIANCO;;DA RIVEDERE MANUALMENTE;PIADELLE TOAST MULINO BIANCO;GIA COMPILATO;ALTA
ERRORE_BATTITURA;98%;GAMBERI ARGENTINI SGUISCIATI;1;GAMBERI ARGENTINI SGUSCIATI;1;GAMBERI ARGENTINI SGUSCIATI;;DA RIVEDERE MANUALMENTE;GAMBERI ARGENTINI SGUSCIATI;GIA COMPILATO;ALTA
ERRORE_BATTITURA;98%;PASTA DI ACCHIUGHE DELICIOUS;1;PASTA DI ACCHIUGHE DELICIUS;1;PASTA DI ACCHIUGHE DELICIOUS;;DA RIVEDERE MANUALMENTE;PASTA DI ACCHIUGHE DELICIOUS;GIA COMPILATO;ALTA
ERRORE_BATTITURA;98%;PASTA DI ACCHIUGHE DELICIOUS;1;PASTA DI ACCIUGHE DELICIOUS;1;PASTA DI ACCHIUGHE DELICIOUS;;DA RIVEDERE MANUALMENTE;PASTA DI ACCHIUGHE DELICIOUS;GIA COMPILATO;ALTA
ERRORE_BATTITURA;98%;SUGO ALLA MARINARA APPETAIS;1;SUGO ALLA MARINARA APPETATIS;1;SUGO ALLA MARINARA APPETAIS;;DA RIVEDERE MANUALMENTE;SUGO ALLA MARINARA APPETAIS;GIA COMPILATO;ALTA
ERRORE_BATTITURA;98%;SUGO ALLA MARINARA APPETAIS;1;SUGO ALLA MARINARA APPETTAIS;1;SUGO ALLA MARINARA APPETAIS;;DA RIVEDERE MANUALMENTE;SUGO ALLA MARINARA APPETAIS;GIA COMPILATO;ALTA
ERRORE_BATTITURA;98%;SUGO PRONTO GUSTI ASSORTISTI;1;SUGO PRONTO GUSTI ASSORTITI;1;SUGO PRONTO GUSTI ASSORTITI;;DA RIVEDERE MANUALMENTE;SUGO PRONTO GUSTI ASSORTITI;GIA COMPILATO;ALTA
ERRORE_BATTITURA;98%;TRANCETTI DI TONNO NOSTROMO;1;TRANCHETTI DI TONNO NOSTROMO;1;TRANCETTI DI TONNO NOSTROMO;;DA RIVEDERE MANUALMENTE;TRANCETTI DI TONNO NOSTROMO;GIA COMPILATO;ALTA
ERRORE_BATTITURA;98%;TRANCETTI DI TONNO NOSTROMO;1;TRANCIETTI DI TONNO NOSTROMO;1;TRANCETTI DI TONNO NOSTROMO;;DA RIVEDERE MANUALMENTE;TRANCETTI DI TONNO NOSTROMO;GIA COMPILATO;ALTA
ERRORE_BATTITURA;98%;CAFFÈ INTERMEZZO SEGAFREDDO;1;CAFFÈ INTERMEZZO SEGAFREDO;1;CAFFE' INTERMEZZO SEGAFREDO;;DA RIVEDERE MANUALMENTE;CAFFE' INTERMEZZO SEGAFREDO;GIA COMPILATO;ALTA
ERRORE_BATTITURA;98%;FARINATA GENOVESE APPETAIS;1;FARINATA GENOVESE APPETTAIS;1;FARINATA GENOVESE APPETAIS;;DA RIVEDERE MANUALMENTE;FARINATA GENOVESE APPETAIS;GIA COMPILATO;ALTA
ERRORE_BATTITURA;98%;FILETTI DI TONNO MARUZELLA;1;FILETTI DI TONNO MARUZZELLA;1;FILETTI DI TONNO MARUZZELLA;;DA RIVEDERE MANUALMENTE;FILETTI DI TONNO MARUZZELLA;GIA COMPILATO;ALTA
ERRORE_BATTITURA;98%;GUESTO-GUSTO SENZA LATTOSIO;1;GUSTO-GUSTO SENZA LATTOSIO;1;GUSTO-GUSTO SENZA LATTOSIO;;DA RIVEDERE MANUALMENTE;GUSTO-GUSTO SENZA LATTOSIO;GIA COMPILATO;ALTA
ERRORE_BATTITURA;98%;LATTE UNIT ACCADI GRANAROLO;1;LATTE UNT ACCADI GRANAROLO;1;LATTE UHT ACCADI GRANAROLO;;DA RIVEDERE MANUALMENTE;LATTE UHT ACCADI GRANAROLO;GIA COMPILATO;ALTA
ERRORE_BATTITURA;98%;MINI COPPA FAMIGLIA TONITO;1;MINI COPPA FAMIGLIA TONITTO;1;MINI COPPA FAMIGLIA TONITTO;;DA RIVEDERE MANUALMENTE;MINI COPPA FAMIGLIA TONITTO;GIA COMPILATO;ALTA
ERRORE_BATTITURA;98%;PREPARATO PER DESSERT ELAH;1;PREPARATO PER DESSERT ELIAH;1;PREPARATO PER DESSERT ELAH;;DA RIVEDERE MANUALMENTE;PREPARATO PER DESSERT ELAH;GIA COMPILATO;ALTA
ERRORE_BATTITURA;98%;SUGO ALLE VONGOLE APPETAIS;1;SUGO ALLE VONGOLE APPETTAIS;1;SUGO ALLE VONGOLE APPETAIS;;DA RIVEDERE MANUALMENTE;SUGO ALLE VONGOLE APPETAIS;GIA COMPILATO;ALTA
ERRORE_BATTITURA;98%;TRANCI DI PIZZA MARGHERITA;1;TRANCIO DI PIZZA MARGHERITA;1;TRANCI DI PIZZA MARGHERITA;;DA RIVEDERE MANUALMENTE;TRANCI DI PIZZA MARGHERITA;GIA COMPILATO;ALTA
ERRORE_BATTITURA;98%;ACETO DI ALCOL BRILLACETO;1;ACETO DI ALCOL BRILLACETTO;1;ACETO DI ALCOL BRILLACETO;;DA RIVEDERE MANUALMENTE;ACETO DI ALCOL BRILLACETO;GIA COMPILATO;ALTA
ERRORE_BATTITURA;98%;BARBERA DEL MONFERRAT DOC;1;BARBERA DEL MONFERRATO DOC;1;BARBERA DEL MONFERRATO DOC;;DA RIVEDERE MANUALMENTE;BARBERA DEL MONFERRATO DOC;GIA COMPILATO;ALTA
ERRORE_BATTITURA;98%;FETTUCCINE ALL'UOVO AGNESI;1;FETTUCINE ALL'UOVO AGNESI;1;FETTUCCINE ALL'UOVO AGNESI;;DA RIVEDERE MANUALMENTE;FETTUCCINE ALL'UOVO AGNESI;GIA COMPILATO;ALTA
ERRORE_BATTITURA;98%;FILETTI DI ALICI DELICIOUS;1;FILETTI DI ALICI DELICIUS;1;FILETTI DI ALICI DELICIOUS;;DA RIVEDERE MANUALMENTE;FILETTI DI ALICI DELICIOUS;GIA COMPILATO;ALTA
ERRORE_BATTITURA;98%;MORELLINO DI SCANSANO DOC;1;MORELLINO DI SCANSANO DOCG;1;MORELLINO DI SCANSANO DOC;;DA RIVEDERE MANUALMENTE;MORELLINO DI SCANSANO DOC;GIA COMPILATO;ALTA
ERRORE_BATTITURA;98%;PATATINE CLASSICHE FINDUS;1;PATATINE CLASSICHE FINODUS;1;PATATINE CLASSICHE FINDUS;;DA RIVEDERE MANUALMENTE;PATATINE CLASSICHE FINDUS;GIA COMPILATO;ALTA
ERRORE_BATTITURA;98%;PATATINE CLASSICHE FINODUS;1;PATATINE CLASSICHE FINOUS;1;PATATINE CLASSICHE FINDUS;;DA RIVEDERE MANUALMENTE;PATATINE CLASSICHE FINDUS;GIA COMPILATO;ALTA
ERRORE_BATTITURA;98%;PIZZA MARGHERITA APPETAIS;1;PIZZA MARGHERITA APPETTAIS;1;PIZZA MARGHERITA APPETAIS;;DA RIVEDERE MANUALMENTE;PIZZA MARGHERITA APPETAIS;GIA COMPILATO;ALTA
ERRORE_BATTITURA;98%;FOGLIA EXTRAFINE LASAGNE;1;SFOGLIA EXTRAFINE LASAGNE;1;SFOGLIA EXTRAFINE LASAGNE;;DA RIVEDERE MANUALMENTE;SFOGLIA EXTRAFINE LASAGNE;GIA COMPILATO;ALTA
ERRORE_BATTITURA;98%;HIGH PROTEIN MÜESLI CAMEO;1;HIGH PROTEIN MÜSLI CAMEO;1;HIGH PROTEIN MÜESLI CAMEO;;DA RIVEDERE MANUALMENTE;HIGH PROTEIN MÜESLI CAMEO;GIA COMPILATO;ALTA
ERRORE_BATTITURA;98%;SORBETTO AL LIMONE FLUTE;1;SORBETTO AL LIMONE FLUTES;1;SORBETTO AL LIMONE FLUTE;;DA RIVEDERE MANUALMENTE;SORBETTO AL LIMONE FLUTE;GIA COMPILATO;ALTA
ERRORE_BATTITURA;98%;STRACCHINO SENZA LATTOSIO;1;STRACCHINO SENZA LATTOSO;1;STRACCHINO SENZA LATTOSIO;;DA RIVEDERE MANUALMENTE;STRACCHINO SENZA LATTOSIO;GIA COMPILATO;ALTA
ERRORE_BATTITURA;98%;EXTRA POWER MILLEMACCHIE;1;EXTRA POWER MILLEMACHIE;1;EXTRA POWER MILLEMACCHIE;;DA RIVEDERE MANUALMENTE;EXTRA POWER MILLEMACCHIE;GIA COMPILATO;ALTA
ERRORE_BATTITURA;98%;FETTE BISCOTTATE COLUSI;1;FETTE BISCOTTATE COLUSSI;1;FETTE BISCOTTATE COLUSSI;;DA RIVEDERE MANUALMENTE;FETTE BISCOTTATE COLUSSI;GIA COMPILATO;ALTA
ERRORE_BATTITURA;98%;SUSUMANIELLO SALENTO IGT;1;SUSUMNIELLO SALENTO IGT;1;SUSUMANIELLO SALENTO IGT;;DA RIVEDERE MANUALMENTE;SUSUMANIELLO SALENTO IGT;GIA COMPILATO;ALTA
ERRORE_BATTITURA;98%;TRECCIA CREMA PASTICCERIA E GOCCE DI CIOCCOLATO;1;TRECCIA CREMA PASTICCIERA E GOCCE DI CIOCCOLATO;1;TRECCIA CREMA PASTICCIERA E GOCCE DI CIOCCOLATO;;DA RIVEDERE MANUALMENTE;TRECCIA CREMA PASTICCIERA E GOCCE DI CIOCCOLATO;GIA COMPILATO;ALTA
ERRORE_BATTITURA;98%;VERDURE PEPERIZIA PONTI;1;VERDURE PEPERLIZIA PONTI;1;VERDURE PEPERLIZIA PONTI;;DA RIVEDERE MANUALMENTE;VERDURE PEPERLIZIA PONTI;GIA COMPILATO;ALTA
ERRORE_BATTITURA;98%;VINO SPUMANTE BRUT ROSÉ;1;VINO SPUMANTE BRUTÉ ROSÉ;1;VINO SPUMANTE BRUT ROSÉ;;DA RIVEDERE MANUALMENTE;VINO SPUMANTE BRUT ROSÉ;GIA COMPILATO;ALTA
ERRORE_BATTITURA;98%;VASCHETTA IN ALLUMINIO CON COPERCHIO DOMPO PAK;1;VASCHETTA IN ALLUMINIO CON COPPERCHIO DOMO PAK;1;VASCHETTA IN ALLUMINIO CON COPPERCHIO DOMO PAK;;DA RIVEDERE MANUALMENTE;VASCHETTA IN ALLUMINIO CON COPPERCHIO DOMO PAK;GIA COMPILATO;ALTA
ERRORE_BATTITURA;98%;COZZE CILENE SGUESCIATE;1;COZZE CILENE SGUSCIATE;1;COZZE CILENE SGUSCIATE;;DA RIVEDERE MANUALMENTE;COZZE CILENE SGUSCIATE;GIA COMPILATO;ALTA
ERRORE_BATTITURA;98%;DESSERT CHOCO ESPRESSO;1;DESSERT CHOCO, ESPRESSO;1;DESSERT CHOCO ESPRESSO;;DA RIVEDERE MANUALMENTE;DESSERT CHOCO ESPRESSO;GIA COMPILATO;ALTA
ERRORE_BATTITURA;98%;DETERSIVO PIATTI HELEN;1;DETERSIVO PIATTI HELSEN;1;DETERSIVO PIATTI HELSEN;;DA RIVEDERE MANUALMENTE;DETERSIVO PIATTI HELSEN;GIA COMPILATO;ALTA
ERRORE_BATTITURA;98%;GORGONZOLA DOP PICANTE;1;GORGONZOLA DOP PICCANTE;1;GORGONZOLA DOP PICCANTE;;DA RIVEDERE MANUALMENTE;GORGONZOLA DOP PICCANTE;GIA COMPILATO;ALTA
ERRORE_BATTITURA;98%;INSALATA MISTA MIDOORTO;1;INSALATA MISTA MIOORTO;1;INSALATA MISTA MIOORTO;;DA RIVEDERE MANUALMENTE;INSALATA MISTA MIOORTO;GIA COMPILATO;ALTA
ERRORE_BATTITURA;98%;INSALATA MISTA MIOGORTO;1;INSALATA MISTA MIOORTO;1;INSALATA MISTA MIOORTO;;DA RIVISIONE MANUALE;INSALATA MISTA MIOORTO;GIA COMPILATO;ALTA
ERRORE_BATTITURA;98%;PASTA DI SEMOLA VOELLO;1;PASTA DI SEMOLA VOIELLO;1;PASTA DI SEMOLA VOIELLO;;DA RIVEDERE MANUALMENTE;PASTA DI SEMOLA VOIELLO;GIA COMPILATO;ALTA
ERRORE_BATTITURA;98%;SCOPA TONKITA DUAL ARIK;1;SCOPA TONKITA DUAL ARIX;1;SCOPA TONKITA DUAL ARIX;;DA RIVEDERE MANUALMENTE;SCOPA TONKITA DUAL ARIX;GIA COMPILATO;ALTA
ERRORE_BATTITURA;98%;AMMORBIDENTE CONCENTRATO PUMA DI SCAMPAGNA;1;AMMORBIDENTE CONCENTRATO SPUMA DI SCIAMPAGNA;1;AMMORBIDENTE CONCENTRATO SPUMA DI SCIAMPAGNA;;DA RIVEDERE MANUALMENTE;AMMORBIDENTE CONCENTRATO SPUMA DI SCIAMPAGNA;GIA COMPILATO;ALTA
ERRORE_BATTITURA;98%;ASCIUGATUTO CHRISTMAS;1;ASCIUGATUTTO CHRISTMAS;1;ASCIUGATUTTO CHRISTMAS;;DA RIVEDERE MANUALMENTE;ASCIUGATUTTO CHRISTMAS;GIA COMPILATO;ALTA
ERRORE_BATTITURA;98%;BAIOCCHI MULINO BIANCO;1;BAIOCCI MULINO BIANCO;1;BAIOCCHI MULINO BIANCO;;BAIOCCHI è il nome corretto;BAIOCCHI MULINO BIANCO;GIA COMPILATO;ALTA
ERRORE_BATTITURA;98%;BAIOCCHI MULINO BIANCO;1;BAIOCHI MULINO BIANCO;1;BAIOCCHI MULINO BIANCO;;DA RIVEDERE MANUALMENTE;BAIOCCHI MULINO BIANCO;GIA COMPILATO;ALTA
ERRORE_BATTITURA;98%;FIOCCHI DI LATTE ALPI;1;FIOCCHI DI LATTE ALPLI;1;FIOCCHI DI LATTE ALPI;;DA RIVEDERE MANUALMENTE;FIOCCHI DI LATTE ALPI;GIA COMPILATO;ALTA
ERRORE_BATTITURA;98%;HIGH PROTEIN ALPL PRO;1;HIGH PROTEIN ALPLI PRO;1;HIGH PROTEIN ALPL PRO;;DA RIVEDERE MANUALMENTE;HIGH PROTEIN ALPL PRO;GIA COMPILATO;ALTA
ERRORE_BATTITURA;98%;INSALATA MISTA MIOORTO;1;INSALATA MISTA MIORTO;1;INSALATA MISTA MIOORTO;;DA RIVEDERE MANUALMENTE;INSALATA MISTA MIOORTO;GIA COMPILATO;ALTA
ERRORE_BATTITURA;98%;PIATTO PIZZA MELAMINA;1;PIATTO PIZZA MELAMMINA;1;PIATTO PIZZA MELAMINA;;DA RIVEDERE MANUALMENTE;PIATTO PIZZA MELAMINA;GIA COMPILATO;ALTA
ERRORE_BATTITURA;98%;4 BISTECCHINE DI MARE;1;4 BISTECHINE DI MARE;1;4 BISTECCHINE DI MARE;;DA RIVEDERE MANUALMENTE;4 BISTECCHINE DI MARE;GIA COMPILATO;ALTA
ERRORE_BATTITURA;98%;ASCIUGATTO CHRISTMAS;1;ASCIUGATUTO CHRISTMAS;1;ASCIUGATUTTO CHRISTMAS;;DA RIVEDERE MANUALMENTE;ASCIUGATUTTO CHRISTMAS;GIA COMPILATO;ALTA
ERRORE_BATTITURA;98%;GHIACCIOLI ASSORTITI;1;GHIACCIOLLI ASSORTITI;1;GHIACCIOLI ASSORTITI;;DA RIVEDERE MANUALMENTE;GHIACCIOLI ASSORTITI;GIA COMPILATO;ALTA
ERRORE_BATTITURA;98%;PAN PIUMA ARTEBIANCA;1;PAN PIUMA ARTEBIANCHA;1;PAN PIUMA ARTEBIANCA;;DA RIVEDERE MANUALMENTE;PAN PIUMA ARTEBIANCA;GIA COMPILATO;ALTA
ERRORE_BATTITURA;98%;PASTA FRESCA SEFOGLIA;1;PASTA FRESCA SFOGLIA;1;PASTA FRESCA SFOGLIA;;DA RIVEDERE MANUALMENTE;PASTA FRESCA SFOGLIA;GIA COMPILATO;ALTA
ERRORE_BATTITURA;98%;PIADINA ROMAGNOLA IGP;1;PIADINA ROMANOLA IGP;1;PIADINA ROMAGNOLA IGP;;DA RIVEDERE MANUALMENTE;PIADINA ROMAGNOLA IGP;GIA COMPILATO;ALTA
ERRORE_BATTITURA;98%;SFILACCI DI BRESAOLA;1;SFILACCI DI BRESSAOLA;1;SFILACCI DI BRESAOLA;;DA RIVEDERE MANUALMENTE;SFILACCI DI BRESAOLA;GIA COMPILATO;ALTA
ERRORE_BATTITURA;98%;STELI GUSTOSI MIOORTO;1;STELI GUSTOSI MIORTO;1;STELI GUSTOSI MIOORTO;;DA RIVEDERE MANUALMENTE;STELI GUSTOSI MIOORTO;GIA COMPILATO;ALTA
ERRORE_BATTITURA;98%;WAFER CLASSIC LOACKER;1;WAFER CLASSIC LOCKER;1;WAFER CLASSIC LOACKER;;DA RIVEDERE MANUALMENTE;WAFER CLASSIC LOACKER;GIA COMPILATO;ALTA
ERRORE_BATTITURA;97%;BABI MUFFIN CLASSIC;1;BABI MUFFIN CLASSICO;1;BABI MUFFIN CLASSICO;;DA RIVEDERE MANUALMENTE;BABI MUFFIN CLASSICO;GIA COMPILATO;ALTA
ERRORE_BATTITURA;97%;CRACKER GRAN PAVESI;1;CRACKERS GRAN PAVESI;1;CRACKERS GRAN PAVESI;;DA RIVEDERE MANUALMENTE;CRACKERS GRAN PAVESI;GIA COMPILATO;ALTA
ERRORE_BATTITURA;97%;HIGH PROTEIN STUFER;1;HIGH PROTEIN STUFFER;1;HIGH PROTEIN STUFFER;;DA RIVEDERE MANUALMENTE;HIGH PROTEIN STUFFER;GIA COMPILATO;ALTA
ERRORE_BATTITURA;97%;MANZO COTTO SENFTER;1;MANZO COTTO SENIFTER;1;MANZO COTTO SENFTER;;DA RIVEDERE MANUALMENTE;MANZO COTTO SENFTER;GIA COMPILATO;ALTA
ERRORE_BATTITURA;97%;MIELE MILLEFIORI APICOLTURA CASENTINESE;1;MIELE MILLEFIORI APICULTURA CASENTINESE;1;MIELE MILLEFIORI APICOLTURA CASENTINESE;;DA RIVEDERE MANUALMENTE;MIELE MILLEFIORI APICOLTURA CASENTINESE;GIA COMPILATO;ALTA
ERRORE_BATTITURA;97%;PATATINE CASERECCHIA;1;PATATINE CASERECCIA;1;PATATINE CASERECCIA;;DA RIVEDERE MANUALMENTE;PATATINE CASERECCIA;GIA COMPILATO;ALTA
ERRORE_BATTITURA;97%;PIATTI GRECI JUI-SI;1;PIATTI GRECI JUI-SUI;1;PIATTI GRECI JUI-SI;;DA RIVEDERE MANUALMENTE;PIATTI GRECI JUI-SI;GIA COMPILATO;ALTA
ERRORE_BATTITURA;97%;POWER ACTIV BREF WC;1;POWER ACTIVE BREF WC;1;POWER ACTIVE BREF WC;;DA RIVEDERE MANUALMENTE;POWER ACTIVE BREF WC;GIA COMPILATO;ALTA
ERRORE_BATTITURA;97%;SALVETTE BABY FRESH;1;SALVIETTE BABY FRESH;1;SALVIETTE BABY FRESH;;DA RIVEDERE MANUALMENTE;SALVIETTE BABY FRESH;GIA COMPILATO;ALTA
ERRORE_BATTITURA;97%;SCIROPPO D'AGAVE BIO;1;SIROPPO D'AGAVE BIO;1;SCIROPPO D'AGAVE BIO;;DA RIVEDERE MANUALMENTE;SCIROPPO D'AGAVE BIO;GIA COMPILATO;ALTA
ERRORE_BATTITURA;97%;SUCCO DI FRUTTA BIO;1;SUICCO DI FRUTTA BIO;1;SUCCO DI FRUTTA BIO;;DA RIVEDERE MANUALMENTE;SUCCO DI FRUTTA BIO;GIA COMPILATO;ALTA
ERRORE_BATTITURA;97%;BISTECCHINE DI MARE;1;BISTECHINE DI MARE;1;BISTECCHINE DI MARE;;DA RIVEDERE MANUALMENTE;BISTECCHINE DI MARE;GIA COMPILATO;ALTA
ERRORE_BATTITURA;97%;REFOSCO VENETO IGT;1;REFOSECO VENETO IGT;1;REFOSCO VENETO IGT;;DA RIVEDERE MANUALMENTE;REFOSCO VENETO IGT;GIA COMPILATO;ALTA
ERRORE_BATTITURA;97%;SALVETTE BABY NICE;1;SALVIETTE BABY NICE;1;SALVIETTE BABY NICE;;DA RIVEDERE MANUALMENTE;SALVIETTE BABY NICE;GIA COMPILATO;ALTA
ERRORE_BATTITURA;97%;SPIANATINA PICCANTE;1;SPINATINA PICCANTE;1;SPIANATINA PICCANTE;;DA RIVEDERE MANUALMENTE;SPIANATINA PICCANTE;GIA COMPILATO;ALTA
ERRORE_BATTITURA;97%;PARMIGIANO REGGIANO DOP PARMAREGGIANO;1;PARMIGIANO REGGIANO DOP PARMAREGGIO;1;PARMIGIANO REGGIANO DOP PARMAREGGIO;;DA RIVEDERE MANUALMENTE;PARMIGIANO REGGIANO DOP PARMAREGGIO;GIA COMPILATO;ALTA
ERRORE_BATTITURA;97%;ASCIUGATUTO BRAVO;1;ASCIUGATUTTO BRAVO;1;ASCIUGATUTTO BRAVO;;DA RIVEDERE MANUALMENTE;ASCIUGATUTTO BRAVO;GIA COMPILATO;ALTA
ERRORE_BATTITURA;97%;BRESAOLA SOTTOFESA;1;BRESOLA SOTTOFESA;1;BRESAOLA SOTTOFESA;;DA RIVEDERE MANUALMENTE;BRESAOLA SOTTOFESA;GIA COMPILATO;ALTA
ERRORE_BATTITURA;97%;COSCIOTTI DI POLLO;1;COSCOTTI DI POLLO;1;COSCIOTTI DI POLLO;;DA RIVEDERE MANUALMENTE;COSCIOTTI DI POLLO;GIA COMPILATO;ALTA
ERRORE_BATTITURA;97%;FUNGHI CHAMPIGNON;1;FUNGHI CHAMPIGNONS;1;FUNGHI CHAMPIGNON;;DA RIVEDERE MANUALMENTE;FUNGHI CHAMPIGNON;GIA COMPILATO;ALTA
ERRORE_BATTITURA;97%;POMODORI CILEGINO;1;POMODORI CILIEGINO;1;POMODORI CILIEGINO;;DA RIVEDERE MANUALMENTE;POMODORI CILIEGINO;GIA COMPILATO;ALTA
ERRORE_BATTITURA;97%;SEMI IN BUSTE MAX;1;SEMI IN BUSTE MAXI;1;SEMI IN BUSTE MAXI;;DA RIVEDERE MANUALMENTE;SEMI IN BUSTE MAXI;GIA COMPILATO;ALTA
ERRORE_BATTITURA;97%;SPIDINI DI TOMINI;1;SPIEDINI DI TOMINI;1;SPIEDINI DI TOMINI;;DA RIVEDERE MANUALMENTE;SPIEDINI DI TOMINI;GIA COMPILATO;ALTA
ERRORE_BATTITURA;97%;TÈ VERDE TWININGS;1;TÈ VERDE TWINNINGS;1;TÈ VERDE TWININGS;;DA RIVEDERE MANUALMENTE;TÈ VERDE TWININGS;GIA COMPILATO;ALTA
ERRORE_BATTITURA;97%;VINO GUTTUNIO DOC;1;VINO GUTTURNIO DOC;1;VINO GUTTURNIO DOC;;DA RIVEDERE MANUALMENTE;VINO GUTTURNIO DOC;GIA COMPILATO;ALTA
ERRORE_BATTITURA;97%;DOLCI PRONTI PROFILEROLES/TIRAMISU;1;DOLCI PRONTI PROFITEROLES/TIRAMISU;1;DOLCI PRONTI PROFITEROLES/TIRAMISU;;DA RIVEDERE MANUALMENTE;DOLCI PRONTI PROFITEROLES/TIRAMISU;GIA COMPILATO;ALTA
ERRORE_BATTITURA;97%;MOZZARELLE FIOR DI LATTE CILIEGINE;2;MOZZARELLLE FIOR DI LATTE CILIGINE;1;MOZZARELLE FIOR DI LATTE CILIEGINE;;DA RIVEDERE MANUALMENTE;MOZZARELLE FIOR DI LATTE CILIEGINE;GIA COMPILATO;ALTA
ERRORE_BATTITURA;97%;ASCIUGATTO BRAVO;1;ASCIUGATUTO BRAVO;1;ASCIUGATUTO BRAVO;;DA RIVEDERE MANUALMENTE;ASCIUGATUTO BRAVO;GIA COMPILATO;ALTA
ERRORE_BATTITURA;97%;DETERGENTE VETRI;1;DETERGENTE VETRIL;1;DETERGENTE VETRI;;DA RIVEDERE MANUALMENTE;DETERGENTE VETRI;GIA COMPILATO;ALTA
ERRORE_BATTITURA;97%;LATTICINO FRESCO PROTEIN NARELLA;1;LATTICINO FRESCO PROTEIN NATURELLA;1;LATTICINO FRESCO PROTEIN NATURELLA;;DA RIVEDERE MANUALMENTE;LATTICINO FRESCO PROTEIN NATURELLA;GIA COMPILATO;ALTA
ERRORE_BATTITURA;97%;SARDINE DELICIOUS;1;SARDINE DELICIUS;1;SARDINE DELICIOUS;;DA RIVEDERE MANUALMENTE;SARDINE DELICIOUS;GIA COMPILATO;ALTA
ERRORE_BATTITURA;97%;VONGOLE DELICIOUS;1;VONGOLE DELICIUS;1;VONGOLE DELICIOUS;;DA RIVEDERE MANUALMENTE;VONGOLE DELICIOUS;GIA COMPILATO;ALTA
ERRORE_BATTITURA;97%;BONARDA DELL'OLTREPO PAVESE DOC;1;BONHARDA DELL'OLTREPPO PAVESE DOC;1;BONARDA DELL'OLTREPO PAVESE DOC;;DA RIVEDERE MANUALMENTE;BONARDA DELL'OLTREPO PAVESE DOC;GIA COMPILATO;ALTA
ERRORE_BATTITURA;97%;FILETTI DI PLATESSA ALLA MUGNAIA;1;FILETTI DI PLATESSA ALLA MUNGAIA;1;FILETTI DI PLATESSA ALLA MUGNAIA;;DA RIVEDERE MANUALMENTE;FILETTI DI PLATESSA ALLA MUGNAIA;GIA COMPILATO;ALTA
ERRORE_BATTITURA;97%;GRAN BIRAGHI GRATTUGGIATO FRESCO;1;GRANA BIRAGHI GRATTUGIATO FRESCO;1;GRAN BIRAGHI GRATTUGGIATO FRESCO;;DA RIVEDERE MANUALMENTE;GRAN BIRAGHI GRATTUGGIATO FRESCO;GIA COMPILATO;ALTA
ERRORE_BATTITURA;97%;ACQUA ALP COZIE;1;ACQUA ALPI COZIE;1;ACQUA ALPI COZIE;;DA RIVEDERE MANUALMENTE;ACQUA ALPI COZIE;GIA COMPILATO;ALTA
ERRORE_BATTITURA;97%;AMMORBIDENTE CONCENTRATO VERCNE;1;AMMORBIDENTE CONCENTRATO VERNEL;1;AMMORBIDENTE CONCENTRATO VERNEL;;DA RIVEDERE MANUALMENTE;AMMORBIDENTE CONCENTRATO VERNEL;GIA COMPILATO;ALTA
ERRORE_BATTITURA;97%;BISCOTTI DEL LAGACCIO PANARELLO;1;BISCOTTI DEL LAGGACIO PANARELLO;1;BISCOTTI DEL LAGACCIO PANARELLO;;DA RIVEDERE MANUALMENTE;BISCOTTI DEL LAGACCIO PANARELLO;GIA COMPILATO;ALTA
ERRORE_BATTITURA;97%;CHE SUGO! BIFFI GUSTI ASSORTITI;1;CHE SUGO! BIFI GUSTI ASSORTISTI;1;CHE SUGO! BIFFI GUSTI ASSORTITI;;DA RIVEDERE MANUALMENTE;CHE SUGO! BIFFI GUSTI ASSORTITI;GIA COMPILATO;ALTA
ERRORE_BATTITURA;97%;COZZE SGUISCIATE;1;COZZE SGUSCIATE;1;COZZE SGUSCIATE;;DA RIVEDERE MANUALMENTE;COZZE SGUSCIATE;GIA COMPILATO;ALTA
ERRORE_BATTITURA;97%;DETERGENTE INTIME FELCE AZZURRA;1;DETERGENTE INTIMO FELCE AZZURRA;1;DETERGENTE INTIMO FELCE AZZURRA;;DA RIVEDERE MANUALMENTE;DETERGENTE INTIMO FELCE AZZURRA;GIA COMPILATO;ALTA
ERRORE_BATTITURA;97%;FRUTTAPEC CAMEO;1;FRUTTAPECA CAMEO;1;FRUTTAPEC CAMEO;;DA RIVEDERE MANUALMENTE;FRUTTAPEC CAMEO;GIA COMPILATO;ALTA
ERRORE_BATTITURA;97%;GRATTIGIATO FRESCO GRAN BIRAGHI;1;GRATTUGIATO FRESCO GRAN BIRAGHI;1;GRATTUGIATO FRESCO GRAN BIRAGHI;;DA RIVEDERE MANUALMENTE;GRATTUGIATO FRESCO GRAN BIRAGHI;GIA COMPILATO;ALTA
ERRORE_BATTITURA;97%;PAELLA APPETAIS;1;PAELLA APPETTAIS;1;PAELLA APPETAIS;;DA RIVEDERE MANUALMENTE;PAELLA APPETAIS;GIA COMPILATO;ALTA
ERRORE_BATTITURA;97%;PANNA COTTA CARAMELLG, GIANDUIA;1;PANNA COTTA CARAMELLO, GIANDUIA;1;PANNA COTTA CARAMELLO, GIANDUIA;;DA RIVEDERE MANUALMENTE;PANNA COTTA CARAMELLO, GIANDUIA;GIA COMPILATO;ALTA
ERRORE_BATTITURA;97%;RISO IBE SCOTTI;1;RISO RIBE SCOTTI;1;RISO RIBE SCOTTI;;DA RIVEDERE MANUALMENTE;RISO RIBE SCOTTI;GIA COMPILATO;ALTA
ERRORE_BATTITURA;97%;SOFFICINI FINDUS;1;SOFFICINI FINUS;1;SOFFICINI FINDUS;;DA RIVEDERE MANUALMENTE;SOFFICINI FINDUS;GIA COMPILATO;ALTA
ERRORE_BATTITURA;97%;TONNO MARUZELLA;1;TONNO MARUZZELLA;1;TONNO MARUZZELLA;;DA RIVEDERE MANUALMENTE;TONNO MARUZZELLA;GIA COMPILATO;ALTA
ERRORE_BATTITURA;97%;BISCOTTI ARMONIA HULINO BIANCO;1;BISCOTTI ARMONIA MULINO BIANCO;1;BISCOTTI ARMONIA MULINO BIANCO;;DA RIVEDERE MANUALMENTE;BISCOTTI ARMONIA MULINO BIANCO;GIA COMPILATO;ALTA
ERRORE_BATTITURA;97%;PASTA FRESCA TROFIE OCCHIETTE;1;PASTA FRESCA TROFIE ORECCHIETTE;1;PASTA FRESCA TROFIE ORECCHIETTE;;DA RIVEDERE MANUALMENTE;PASTA FRESCA TROFIE ORECCHIETTE;GIA COMPILATO;ALTA
ERRORE_BATTITURA;97%;AMMORBIDENTE CONCENTRATO VERT;1;AMMORBIDENTE CONCENTRATO VEST;1;AMMORBIDENTE CONCENTRATO VERT;;DA RIVEDERE MANUALMENTE;AMMORBIDENTE CONCENTRATO VERT;GIA COMPILATO;ALTA
ERRORE_BATTITURA;97%;BUTTAFUCCO OLTREPO PAVESE DOC;1;BUTTAFUOCO OLTREPO PAVESE DOC;1;BUTTAFUOCO OLTREPO PAVESE DOC;;DA RIVEDERE MANUALMENTE;BUTTAFUOCO OLTREPO PAVESE DOC;GIA COMPILATO;ALTA
ERRORE_BATTITURA;97%;CONDIRISO SACLÀ;1;CONDIRSO SACLÀ;1;CONDIRISO SACLA';;DA RIVEDERE MANUALMENTE;CONDIRISO SACLA';GIA COMPILATO;ALTA
ERRORE_BATTITURA;97%;CUOR DI CIOBAR;1;CUORI DI CIOBAR;1;CUOR DI CIOBAR;;DA RIVEDERE MANUALMENTE;CUOR DI CIOBAR;GIA COMPILATO;ALTA
ERRORE_BATTITURA;97%;FILETTI DI MERLUZZO CROCCANTE;1;FILETTI DI MERLUZZO CROCCANTI;1;FILETTI DI MERLUZZO CROCCANTE;;DA RIVEDERE MANUALMENTE;FILETTI DI MERLUZZO CROCCANTE;GIA COMPILATO;ALTA
ERRORE_BATTITURA;97%;FRUTTOLO NESTLÉ FRUTTA MISTA;1;FRUTTOLOTO NESTLÉ FRUTTA MISTA;1;FRUTTOLO NESTLE' FRUTTA MISTA;;DA RIVEDERE MANUALMENTE;FRUTTOLO NESTLE' FRUTTA MISTA;GIA COMPILATO;ALTA
ERRORE_BATTITURA;97%;GRECANECO TERRE SICILIANE IGT;1;GRECANICO TERRE SICILIANE IGT;1;GRECANICO TERRE SICILIANE IGT;;DA RIVEDERE MANUALMENTE;GRECANICO TERRE SICILIANE IGT;GIA COMPILATO;ALTA
ERRORE_BATTITURA;97%;LE PROSCIUTTINE;1;LE PROSCUTTINE;1;LE PROSCIUTTINE;;DA RIVEDERE MANUALMENTE;LE PROSCIUTTINE;GIA COMPILATO;ALTA
ERRORE_BATTITURA;97%;LE PROSCUITTINE;1;LE PROSCUTTINE;1;LE PROSCIUTTINE;;DA RIVEDERE MANUALMENTE;LE PROSCIUTTINE;GIA COMPILATO;ALTA
ERRORE_BATTITURA;97%;MINESTRA KNORR;1;MINESTRA KNORRE;1;MINESTRA KNORR;;DA RIVEDERE MANUALMENTE;MINESTRA KNORR;GIA COMPILATO;ALTA
ERRORE_BATTITURA;97%;NEGROMARANO ROSATO SALENTO IGT;1;NEGROMARO ROSATO SALENTO IGT;1;NEGROMARO ROSATO SALENTO IGT;;DA RIVEDERE MANUALMENTE;NEGROMARO ROSATO SALENTO IGT;GIA COMPILATO;ALTA
ERRORE_BATTITURA;97%;OMOGENEIZZATI DI CARNE NIPIOL;1;ONOGENEIZZATI DI CARNE NIPIOL;1;OMOGENEIZZATI DI CARNE NIPIOL;;DA RIVEDERE MANUALMENTE;OMOGENEIZZATI DI CARNE NIPIOL;GIA COMPILATO;ALTA
ERRORE_BATTITURA;97%;TOVAGLIOLI FANTASIE ASSORTITE;1;TOWAGLIOLI FANTASIE ASSORTITE;1;TOVAGLIOLI FANTASIE ASSORTITE;;DA RIVEDERE MANUALMENTE;TOVAGLIOLI FANTASIE ASSORTITE;GIA COMPILATO;ALTA
ERRORE_BATTITURA;96%;LIEVITO DI BIRRA MASTRO FORNAIO PANEANGELI;1;LIEVITO DI BIRRA MASTRO FORNAIO PANEGANELLI;1;LIEVITO DI BIRRA MASTRO FORNAIO PANEANGELI;;DA RIVEDERE MANUALMENTE;LIEVITO DI BIRRA MASTRO FORNAIO PANEANGELI;GIA COMPILATO;ALTA
ERRORE_BATTITURA;96%;CROCCANTINI PER GATTI CIUFFI;1;CROCCONTINI PER GATTI CIUFFI;1;CROCCANTINI PER GATTI CIUFFI;;DA RIVEDERE MANUALMENTE;CROCCANTINI PER GATTI CIUFFI;GIA COMPILATO;ALTA
ERRORE_BATTITURA;96%;DETERGIVO CONCENTRATO PIATTI;1;DETERSIVO CONCENTRATO PIATTI;1;DETERSIVO CONCENTRATO PIATTI;;DA RIVEDERE MANUALMENTE;DETERSIVO CONCENTRATO PIATTI;GIA COMPILATO;ALTA
ERRORE_BATTITURA;96%;DETERGIVO UNIVERSALE GENERAL;1;DETERSIVO UNIVERSALE GENERAL;1;DETERSIVO UNIVERSALE GENERAL;;DA RIVEDERE MANUALMENTE;DETERSIVO UNIVERSALE GENERAL;GIA COMPILATO;ALTA
ERRORE_BATTITURA;96%;GAMBERETTI BOREALI SGUCCIATI;1;GAMBERETTI BOREALI SGUSCIATI;1;GAMBERETTI BOREALI SGUSCIATI;;DA RIVEDERE MANUALMENTE;GAMBERETTI BOREALI SGUSCIATI;GIA COMPILATO;ALTA
ERRORE_BATTITURA;96%;GRAN COPPA FAMIGLIA TONITTO;1;GRAN COPPA FAMIGLIOLA TONITTO;1;GRAN COPPA FAMIGLIA TONITTO;;DA RIVEDERE MANUALMENTE;GRAN COPPA FAMIGLIA TONITTO;GIA COMPILATO;ALTA
ERRORE_BATTITURA;96%;MINESTRONE LEGGEREZZA FROGEL;1;MINESTRONE LEGGEREZZA OROGEL;1;MINESTRONE LEGGEREZZA OROGEL;;DA RIVEDERE MANUALMENTE;MINESTRONE LEGGEREZZA OROGEL;GIA COMPILATO;ALTA
ERRORE_BATTITURA;96%;MINESTRONE LEGGEREZZA OREGEL;1;MINESTRONE LEGGEREZZA OROGEL;1;MINESTRONE LEGGEREZZA OROGEL;;DA RIVEDERE MANUALMENTE;MINESTRONE LEGGEREZZA OROGEL;GIA COMPILATO;ALTA
ERRORE_BATTITURA;96%;MINESTRONE TRADIZIONE FINDOS;1;MINESTRONE TRADIZIONE FINDUS;1;MINESTRONE TRADIZIONE FINDUS;;DA RIVEDERE MANUALMENTE;MINESTRONE TRADIZIONE FINDUS;GIA COMPILATO;ALTA
ERRORE_BATTITURA;96%;MINESTRONE TRADIZIONE FINDOS;1;MINESTRONE TRADIZIONE FINOUS;1;MINESTRONE TRADIZIONE FINDUS;;DA RIVEDERE MANUALMENTE;MINESTRONE TRADIZIONE FINDUS;GIA COMPILATO;ALTA
ERRORE_BATTITURA;96%;MINESTRONE TRADIZIONE FINDUS;1;MINESTRONE TRADIZIONE FINOUS;1;MINESTRONE TRADIZIONE FINDUS;;DA RIVEDERE MANUALMENTE;MINESTRONE TRADIZIONE FINDUS;GIA COMPILATO;ALTA
ERRORE_BATTITURA;96%;SALAME GRANMAGRO CASA MODENA;1;SALAME GRANNAGRO CASA MODENA;1;SALAME GRANMAGRO CASA MODENA;;DA RIVEDERE MANUALMENTE;SALAME GRANMAGRO CASA MODENA;GIA COMPILATO;ALTA
ERRORE_BATTITURA;96%;SUGO ALLA MARINARA APPETATIS;1;SUGO ALLA MARINARA APPETTAIS;1;SUGO ALLA MARINARA APPETAIS;;DA RIVEDERE MANUALMENTE;SUGO ALLA MARINARA APPETAIS;GIA COMPILATO;ALTA
ERRORE_BATTITURA;96%;TRANCHETTI DI TONNO NOSTROMO;1;TRANCIETTI DI TONNO NOSTROMO;1;TRANCIETTI DI TONNO NOSTROMO;;DA RIVEDERE MANUALMENTE;TRANCIETTI DI TONNO NOSTROMO;GIA COMPILATO;ALTA
ERRORE_BATTITURA;96%;BISCOTTI ZUPPALATTE COLUSSI;1;BISCOTTI ZUPPALETTE COLUSSI;1;BISCOTTI ZUPPALETTE COLUSSI;;DA RIVEDERE MANUALMENTE;BISCOTTI ZUPPALETTE COLUSSI;GIA COMPILATO;ALTA
ERRORE_BATTITURA;96%;BOTIGLIA CON GANCIO DISNEY+;1;BOTTIGLIA CON GANCIO DISNEY;1;BOTTIGLIA CON GANCIO DISNEY;;DA RIVEDERE MANUALMENTE;BOTTIGLIA CON GANCIO DISNEY;GIA COMPILATO;ALTA
ERRORE_BATTITURA;96%;CROCCHETTE PER CANI PREMIUM;1;CROCCHETTE PER CANI PRIMIUM;1;CROCCHETTE PER CANI PREMIUM;;DA RIVEDERE MANUALMENTE;CROCCHETTE PER CANI PREMIUM;GIA COMPILATO;ALTA
ERRORE_BATTITURA;96%;DETERGENTE INTIME NEUTROMED;1;DETERGENTE INTIMO NEUTROMED;1;DETERGENTE INTIMO NEUTROMED;;DA RIVEDERE MANUALMENTE;DETERGENTE INTIMO NEUTROMED;GIA COMPILATO;ALTA
ERRORE_BATTITURA;96%;DETERGENTE RAVVIVA EMULSIO;1;DETERGENTE RAVVIVA EMULSIONE;1;DETERGENTE RAVVIVA EMULSIONE;;DA RIVEDERE MANUALMENTE;DETERGENTE RAVVIVA EMULSIONE;GIA COMPILATO;ALTA
ERRORE_BATTITURA;96%;FARINA TIPO 0;1;FARINA TIPO 00;1;FARINA TIPO 00;;DA RIVEDERE MANUALMENTE;FARINA TIPO 00;GIA COMPILATO;ALTA
ERRORE_BATTITURA;96%;FILETTI DI MERLUZZO ALASKA;1;FILETTI DI MERLUZZO D'ALASKA;1;FILETTI DI MERLUZZO D'ALASKA;;DA RIVEDERE MANUALMENTE;FILETTI DI MERLUZZO D'ALASKA;GIA COMPILATO;ALTA
ERRORE_BATTITURA;96%;FIOCCHI DI AVENA INTEGRALE;1;FIOCCHINI DI AVENA INTEGRALE;1;FIOCCHI DI AVENA INTEGRALE;;DA RIVEDERE MANUALMENTE;FIOCCHI DI AVENA INTEGRALE;GIA COMPILATO;ALTA
ERRORE_BATTITURA;96%;GRAN COPPA FAMIGLIA TOMITTO;1;GRAN COPPA FAMIGLIA TOMMITO;1;GRAN COPPA FAMIGLIA TONITTO;;DA RIVEDERE MANUALMENTE;GRAN COPPA FAMIGLIA TONITTO;GIA COMPILATO;ALTA
ERRORE_BATTITURA;96%;GRAN COPPA FAMIGLIA TOMITTO;1;GRAN COPPA FAMIGLIA TONITTO;1;GRAN COPPA FAMIGLIA TONITTO;;DA RIVEDERE MANUALMENTE;GRAN COPPA FAMIGLIA TONITTO;GIA COMPILATO;ALTA
ERRORE_BATTITURA;96%;INSALATA ARCABALENO MIOORTO;1;INSALATA ARCOBALENO MIOORTO;1;INSALATA ARCOBALENO MIOORTO;;DA RIVEDERE MANUALMENTE;INSALATA ARCOBALENO MIOORTO;GIA COMPILATO;ALTA
ERRORE_BATTITURA;96%;INSALATE L'ORTO DEGLI ANGELI;1;INSALATE ORTO DEGLI ANGELI;1;INSALATE ORTO DEGLI ANGELI;;DA RIVEDERE MANUALMENTE;INSALATE ORTO DEGLI ANGELI;GIA COMPILATO;ALTA
ERRORE_BATTITURA;96%;LATTE UHT ALTA DIGERIBILITÀ;1;LATTE UNT ALTA DIGERIBILITÀ;1;LATTE UHT ALTA DIGERIBILITA';;DA RIVEDERE MANUALMENTE;LATTE UHT ALTA DIGERIBILITA';GIA COMPILATO;ALTA
ERRORE_BATTITURA;96%;MINI COPPA FAMIGLIA TOMITTO;1;MINI COPPA FAMIGLIA TONITTO;1;MINI COPPA FAMIGLIA TONITTO;;DA RIVEDERE MANUALMENTE;MINI COPPA FAMIGLIA TONITTO;GIA COMPILATO;ALTA
ERRORE_BATTITURA;96%;PASTA DI ACCHIUGHE DELICIUS;1;PASTA DI ACCIUGHE DELICIOUS;1;PASTA DI ACCIUGHE DELICIOUS;;DA RIVEDERE MANUALMENTE;PASTA DI ACCIUGHE DELICIOUS;GIA COMPILATO;ALTA
ERRORE_BATTITURA;96%;POKER MIDOORTO;1;POKER MIDORTO;1;POKER MIOORTO;;DA RIVEDERE MANUALMENTE;POKER MIOORTO;GIA COMPILATO;ALTA
ERRORE_BATTITURA;96%;POKER MIDOORTO;1;POKER MIOORTO;1;POKER MIOORTO;;DA RIVEDERE MANUALMENTE;POKER MIOORTO;GIA COMPILATO;ALTA
ERRORE_BATTITURA;96%;SALAME GRANNAGRO GRAN TERRA;1;SALAME GRANNAGRO GRAN TERRE;1;SALAME GRANMAGRO GRAN TERRE;;DA RIVEDERE MANUALMENTE;SALAME GRANMAGRO GRAN TERRE;GIA COMPILATO;ALTA
ERRORE_BATTITURA;96%;SUGO ALLA MARINARA APERTAIS;1;SUGO ALLA MARINARA APPETAIS;1;SUGO ALLA MARINARA APPETAIS;;DA RIVEDERE MANUALMENTE;SUGO ALLA MARINARA APPETAIS;GIA COMPILATO;ALTA
ERRORE_BATTITURA;96%;SUGO ALLA MARINARA APP'ETAS;1;SUGO ALLA MARINARA APPETAIS;1;SUGO ALLA MARINARA APPETAIS;;DA RIVEDERE MANUALMENTE;SUGO ALLA MARINARA APPETAIS;GIA COMPILATO;ALTA
ERRORE_BATTITURA;96%;TOVAGLIOLI MONOHELO SCOTTEX;1;TOVAGLIOLI MONOVELO SCOTTEX;1;TOVAGLIOLI MONOVELO SCOTTEX;;DA RIVEDERE MANUALMENTE;TOVAGLIOLI MONOVELO SCOTTEX;GIA COMPILATO;ALTA
ERRORE_BATTITURA;96%;TOVAGLIOLI MONOVELO SCOTTEX;1;TOVAGLIOLI MONOVOLO SCOTTEX;1;TOVAGLIOLI MONOVELO SCOTTEX;;DA RIVEDERE MANUALMENTE;TOVAGLIOLI MONOVELO SCOTTEX;GIA COMPILATO;ALTA
ERRORE_BATTITURA;96%;BONARDA OLTREPÒ PAVESE DOC;1;BONHARA OLTREPÒ PAVESE DOC;1;BONARDA DELL'OLTREPO' PAVESE DOC;;DA RIVEDERE MANUALMENTE;BONARDA DELL'OLTREPO' PAVESE DOC;GIA COMPILATO;ALTA
ERRORE_BATTITURA;96%;CAFFÈ INTERMEZZO SAFREDDO;1;CAFFÈ INTERMEZZO SEGAFREDDO;1;CAFFE' INTERMEZZO SEGAFREDO;;DA RIVEDERE MANUALMENTE;CAFFE' INTERMEZZO SEGAFREDO;GIA COMPILATO;ALTA
ERRORE_BATTITURA;96%;FETTE BISCOTTATE GRANFATTA;1;FETTE BISCOTTATE GRANFETTA;1;FETTE BISCOTTATE GRANFETTA;;DA RIVEDERE MANUALMENTE;FETTE BISCOTTATE GRANFETTA;GIA COMPILATO;ALTA
ERRORE_BATTITURA;96%;LATTE UHT ACCADI GRANAROLO;1;LATTE UNT ACCADI GRANAROLO;1;LATTE UHT ACCADI GRANAROLO;;DA RIVEDERE MANUALMENTE;LATTE UHT ACCADI GRANAROLO;GIA COMPILATO;ALTA
ERRORE_BATTITURA;96%;MINI MUFFIN CLASSICI CHOCO;1;MINI MUFFIN CLASSICO CHOCO;1;MINI MUFFIN CLASSICO CHOCO;;DA RIVEDERE MANUALMENTE;MINI MUFFIN CLASSICO CHOCO;GIA COMPILATO;ALTA
ERRORE_BATTITURA;96%;PISELINNI PRIMAVERA FINDUS;1;PISELLINI PRIMAVERA FINDUS;1;PISELLINI PRIMAVERA FINDUS;;DA RIVEDERE MANUALMENTE;PISELLINI PRIMAVERA FINDUS;GIA COMPILATO;ALTA
ERRORE_BATTITURA;96%;POMODORI PERINI INSALATARI;1;POMODORI PERINO INSALATARI;1;POMODORI PERINO INSALATARI;;DA RIVEDERE MANUALMENTE;POMODORI PERINO INSALATARI;GIA COMPILATO;ALTA
ERRORE_BATTITURA;96%;SUGO ALLE VONGOLE APERTAIS;1;SUGO ALLE VONGOLE APPETAIS;1;SUGO ALLE VONGOLE APPETAIS;;DA RIVEDERE MANUALMENTE;SUGO ALLE VONGOLE APPETAIS;GIA COMPILATO;ALTA
ERRORE_BATTITURA;96%;BAGNODOCCIA FELCE AZZURRA;1;BAGNODOCCIA FELZE AZZURRA;1;BAGNODOCCIA FELCE AZZURRA;;DA RIVEDERE MANUALMENTE;BAGNODOCCIA FELCE AZZURRA;GIA COMPILATO;ALTA
ERRORE_BATTITURA;96%;BASE PER FOCACCIA ROTONDA;1;BASE PER FOCCACIA ROTONDA;1;BASE PER FOCACCIA ROTONDA;;DA RIVEDERE MANUALMENTE;BASE PER FOCACCIA ROTONDA;GIA COMPILATO;ALTA
ERRORE_BATTITURA;96%;BISCOTTI FIBRETTRA MISURA;1;BISCOTTI FIBREXTRA MISURA;1;BISCOTTI FIBREXTRA MISURA;;DA RIVEDERE MANUALMENTE;BISCOTTI FIBREXTRA MISURA;GIA COMPILATO;ALTA
ERRORE_BATTITURA;96%;CODE DI GAMBERI ARGENTINA;1;CODE DI GAMBERI ARGENTINI;1;CODE DI GAMBERI ARGENTINI;;DA RIVEDERE MANUALMENTE;CODE DI GAMBERI ARGENTINI;GIA COMPILATO;ALTA
ERRORE_BATTITURA;96%;FILETTI DI TONNO MOSTRONG;1;FILETTI DI TONNO NOSTRONG;1;FILETTI DI TONNO NOSTROMO;;DA RIVEDERE MANUALMENTE;FILETTI DI TONNO NOSTROMO;GIA COMPILATO;ALTA
ERRORE_BATTITURA;96%;GUTTURNIO DOC;1;GUTTURNO DOC;1;GUTTURNIO DOC;;DA RIVEDERE MANUALMENTE;GUTTURNIO DOC;GIA COMPILATO;ALTA
ERRORE_BATTITURA;96%;INSALATA PEPERLIZIA PONTI;1;INSALATA PEPERLIZZA PONTI;1;INSALATA PEPERLIZIA PONTI;;DA RIVEDERE MANUALMENTE;INSALATA PEPERLIZIA PONTI;GIA COMPILATO;ALTA
ERRORE_BATTITURA;96%;KINDER BUENO;1;KINDERE BUENO;1;KINDER BUENO;;DA RIVEDERE MANUALMENTE;KINDER BUENO;GIA COMPILATO;ALTA
ERRORE_BATTITURA;96%;PATATINE CLASSICHE FINDUS;1;PATATINE CLASSICHE FINOUS;1;PATATINE CLASSICHE FINDUS;;DA RIVEDERE MANUALMENTE;PATATINE CLASSICHE FINDUS;GIA COMPILATO;ALTA
ERRORE_BATTITURA;96%;PERE WILLIAM;1;PERE WILLIAMS;1;PERE WILLIAM;;DA RIVEDERE MANUALMENTE;PERE WILLIAM;GIA COMPILATO;ALTA
ERRORE_BATTITURA;96%;SALSA DEVEYL;1;SALSA DEVEYLE;1;SALSA DEVELEY;;DA RIVEDERE MANUALMENTE;SALSA DEVELEY;GIA COMPILATO;ALTA
ERRORE_BATTITURA;96%;SFILACCI DI BRESOLA VIAGGIO DEL GUSTO;1;SFILACCI DI BRESSOLA VIAGGIO NEL GUSTO;1;SFILACCI DI BRESAOLA VIAGGIO DEL GUSTO;;DA RIVEDERE MANUALMENTE;SFILACCI DI BRESAOLA VIAGGIO DEL GUSTO;GIA COMPILATO;ALTA
ERRORE_BATTITURA;96%;SGRAIASSATORE CHANTE CLAIR;1;SGRASSATORE CHANTE CLAIR;1;SGRASSATORE CHANTE CLAIR;;DA RIVEDERE MANUALMENTE;SGRASSATORE CHANTE CLAIR;GIA COMPILATO;ALTA
ERRORE_BATTITURA;96%;SUGO ALLE VONGOLE APERTAIS;1;SUGO ALLE VONGOLE APETIS;1;SUGO ALLE VONGOLE APPETAIS;;DA RIVEDERE MANUALMENTE;SUGO ALLE VONGOLE APPETAIS;GIA COMPILATO;ALTA
ERRORE_BATTITURA;96%;SUGO ALLE VONGOLE APETIS;1;SUGO ALLE VONGOLE APPETAIS;1;SUGO ALLE VONGOLE APPETAIS;;DA RIVEDERE MANUALMENTE;SUGO ALLE VONGOLE APPETAIS;GIA COMPILATO;ALTA
ERRORE_BATTITURA;96%;TOVAGLIOLI MONOVELO BRAVO;1;TOVAGLIOLI MONOVOLO BRAVO;1;TOVAGLIOLI MONOVOLO BRAVO;;DA RIVEDERE MANUALMENTE;TOVAGLIOLI MONOVOLO BRAVO;GIA COMPILATO;ALTA
ERRORE_BATTITURA;96%;TOVAGLIOLI MONOVELO BRAVO;1;TOWAGLIOLI MONOVELO BRAVO;1;TOVAGLIOLI MONOVOLO BRAVO;;DA RIVEDERE MANUALMENTE;TOVAGLIOLI MONOVOLO BRAVO;GIA COMPILATO;ALTA
ERRORE_BATTITURA;96%;FERRO DA STIRO MILORD 7800 TERMOZETTA;1;FERRO DA STIRO MILORD 7850 TERMOZETA;1;FERRO DA STIRO MILORD 7850 TERMOZETA;;DA RIVEDERE MANUALMENTE;FERRO DA STIRO MILORD 7850 TERMOZETA;GIA COMPILATO;ALTA
ERRORE_BATTITURA;96%;BISCOTTI 6 CEREALI NIPOL;1;BISCOTTI E CEREALI NIPOL;1;BISCOTTI 6 CEREALI NIPIOL;;DA RIVEDERE MANUALMENTE;BISCOTTI 6 CEREALI NIPIOL;GIA COMPILATO;ALTA
ERRORE_BATTITURA;96%;BISCOTTI ZERO-PIÙ BALOCCO;1;BISCOTTI ZEROPÙ BALOCCO;1;BISCOTTI ZERO-PIU' BALOCCO;;DA RIVEDERE MANUALMENTE;BISCOTTI ZERO-PIU' BALOCCO;GIA COMPILATO;ALTA
ERRORE_BATTITURA;96%;CORDON BLEU AIA CLASSICI;1;CORDON BLEU AIA CLASSICO;1;CORDON BLEU AIA CLASSICO;;DA RIVEDERE MANUALMENTE;CORDON BLEU AIA CLASSICO;GIA COMPILATO;ALTA
ERRORE_BATTITURA;96%;COSTATA DI BOVINO ADULTO;1;COSTATE DI BOVINO ADULTO;1;COSTATA DI BOVINO ADULTO;;DA RIVEDERE MANUALMENTE;COSTATA DI BOVINO ADULTO;GIA COMPILATO;ALTA
ERRORE_BATTITURA;96%;GRISSINI TORINESI STIRATI;1;GRISSINI TORNESI STRATI;1;GRISSINI TORINESI STIRATI;;DA RIVEDERE MANUALMENTE;GRISSINI TORINESI STIRATI;GIA COMPILATO;ALTA
ERRORE_BATTITURA;96%;NERO D'ALOLA SICILIA DOC;1;NERO D'AVOLA SICILIA DOC;1;NERO D'AVOLA SICILIA DOC;;DA RIVEDERE MANUALMENTE;NERO D'AVOLA SICILIA DOC;GIA COMPILATO;ALTA
ERRORE_BATTITURA;96%;PASSATA DI POMODORO POMI;1;PASSATA DI POMODORO PONI;1;PASSATA DI POMODORO POMI;;DA RIVEDERE MANUALMENTE;PASSATA DI POMODORO POMI;GIA COMPILATO;ALTA
ERRORE_BATTITURA;96%;SQUAGUERELLO NONNO NANNI;1;SQUAQUERELLO NONNO NANNI;1;SQUAQUERELLO NONNO NANNI;;DA RIVEDERE MANUALMENTE;SQUAQUERELLO NONNO NANNI;GIA COMPILATO;ALTA
ERRORE_BATTITURA;96%;LATTE UHT GRANAROLO PIACERE LEGGERO;1;LATTE UNT GRANAROLO PIACCERE LEGGERO;1;LATTE UHT GRANAROLO PIACERE LEGGERO;;DA RIVEDERE MANUALMENTE;LATTE UHT GRANAROLO PIACERE LEGGERO;GIA COMPILATO;ALTA
ERRORE_BATTITURA;96%;PREPARATO PER CREMA PASTICCERA ELAH;1;PREPARATO PER CREMA PASTICCERIA EIAH;1;PREPARATO PER CREMA PASTICCERA ELAH;;DA RIVEDERE MANUALMENTE;PREPARATO PER CREMA PASTICCERA ELAH;GIA COMPILATO;ALTA
ERRORE_BATTITURA;96%;SGRASSATORE UNIVERSALE CHAMTE CLAIR;1;SGRASSATORE UNIVERSALE CHANTE CLAIRE;1;SGRASSATORE UNIVERSALE CHANTE CLAIR;;DA RIVEDERE MANUALMENTE;SGRASSATORE UNIVERSALE CHANTE CLAIR;GIA COMPILATO;ALTA
ERRORE_BATTITURA;96%;BIETA BERETTA A CUBETTI;1;BIETA ERBETTA A CUBETTI;1;BIETA ERBETTA A CUBETTI;;DA RIVEDERE MANUALMENTE;BIETA ERBETTA A CUBETTI;GIA COMPILATO;ALTA
ERRORE_BATTITURA;96%;BIETA ERBETTA A CUBETTI;1;BIETA ERBETTA I CUBETTI;1;BIETA ERBETTA I CUBETTI;;DA RIVEDERE MANUALMENTE;BIETA ERBETTA I CUBETTI;GIA COMPILATO;ALTA
ERRORE_BATTITURA;96%;BROCCOLETTI;1;BROCCOLLETTI;1;BROCCOLETTI;;DA RIVEDERE MANUALMENTE;BROCCOLETTI;GIA COMPILATO;ALTA
ERRORE_BATTITURA;96%;DEODORANTE ROLL-ON DOVE;1;DEODORANTI ROLL-ON DOVE;1;DEODORANTE ROLL-ON DOVE;;DA RIVEDERE MANUALMENTE;DEODORANTE ROLL-ON DOVE;GIA COMPILATO;ALTA
ERRORE_BATTITURA;96%;DETERSIVO PIATTI HELSEN;1;DETERSIVO PIATTI NELSEN;1;DETERSIVO PIATTI NELSEN;;DA RIVEDERE MANUALMENTE;DETERSIVO PIATTI NELSEN;GIA COMPILATO;ALTA
ERRORE_BATTITURA;96%;GELATI STECCO MINI KING;1;GELATO STECCO MINI KING;1;GELATO STECCO MINI KING;;DA RIVEDERE MANUALMENTE;GELATO STECCO MINI KING;GIA COMPILATO;ALTA
ERRORE_BATTITURA;96%;GORGONZOLA DOP BIG IGOR;1;GORGONZOLA DOP BIO IGOR;1;GORGONZOLA DOP BIO IGOR;;DA RIVEDERE MANUALMENTE;GORGONZOLA DOP BIO IGOR;GIA COMPILATO;ALTA
ERRORE_BATTITURA;96%;INSALATA MISTA MIDOORTO;1;INSALATA MISTA MIOGORTO;1;INSALATA MISTA MIOORTO;;DA RIVEDERE MANUALMENTE;INSALATA MISTA MIOORTO;GIA COMPILATO;ALTA
ERRORE_BATTITURA;96%;INVERNIZZINA INVERMIZZI;1;INVERNIZZINA INVERNIZZI;1;INVERNIZZINA INVERNIZZI;;DA RIVEDERE MANUALMENTE;INVERNIZZINA INVERNIZZI;GIA COMPILATO;ALTA
ERRORE_BATTITURA;96%;MAIONESE CLASSICA CALVÈ;1;MAIONESE CLASSICA CALVÉ;1;MAIONESE CLASSICA CALVE';;DA RIVEDERE MANUALMENTE;MAIONESE CLASSICA CALVE';GIA COMPILATO;ALTA
ERRORE_BATTITURA;96%;PROSCIUTTO DI PARMA DOP;1;PROSCIUTTO DI PARNA DOP;1;PROSCIUTTO DI PARMA DOP;;DA RIVEDERE MANUALMENTE;PROSCIUTTO DI PARMA DOP;GIA COMPILATO;ALTA
ERRORE_BATTITURA;96%;RISO PER RISOTTI SCOTTI;1;RISO PER RISOTTO SCOTTI;1;RISO PER RISOTTI SCOTTI;;DA RIVEDERE MANUALMENTE;RISO PER RISOTTI SCOTTI;GIA COMPILATO;ALTA
ERRORE_BATTITURA;96%;SCOPA TONKITA DUAL ARIK;1;SCOPA TONKITA DUAL ARIX;1;SCOPA TONKITA DUAL ARIX;;DA RIVEDERE MANUALMENTE;SCOPA TONKITA DUAL ARIX;GIA COMPILATO;ALTA
ERRORE_BATTITURA;96%;ADDITIVO IGENIZZANTE CHANTE CLAIR;1;ADDITIVO IGIENIZZANTE CHANTÉ CLAIR;1;ADDITIVO IGENIZZANTE CHANTE CLAIR;;DA RIVEDERE MANUALMENTE;ADDITIVO IGENIZZANTE CHANTE CLAIR;GIA COMPILATO;ALTA
ERRORE_BATTITURA;95%;BAGNODOCCIA NEUTRO MED;1;BAGNODOCCIA NEUTRO MEL;1;BAGNODOCCIA NEUTRO MED;;DA RIVEDERE MANUALMENTE;BAGNODOCCIA NEUTRO MED;GIA COMPILATO;ALTA
ERRORE_BATTITURA;95%;INSALATA MISTA MIDOORTO;1;INSALATA MISTA MIORTO;1;INSALATA MISTA MIORTO;;DA RIVEDERE MANUALMENTE;INSALATA MISTA MIORTO;GIA COMPILATO;ALTA
ERRORE_BATTITURA;95%;INSALATA MISTA MIOGORTO;1;INSALATA MISTA MIORTO;1;INSALATA MISTA MIORTO;;DA RIVEDERE MANUALMENTE;INSALATA MISTA MIORTO;GIA COMPILATO;ALTA
ERRORE_BATTITURA;95%;INVERNIZZINA INVERMIZZI;1;INVERNIZZINA INVERZZI;1;INVERNIZZINA INVERZZI;;DA RIVEDERE MANUALMENTE;INVERNIZZINA INVERZZI;GIA COMPILATO;ALTA
ERRORE_BATTITURA;95%;INVERNIZZINA INVERNIZZI;1;INVERNIZZINA INVERZZI;1;INVERNIZZINA INVERZZI;;DA RIVEDERE MANUALMENTE;INVERNIZZINA INVERZZI;GIA COMPILATO;ALTA
ERRORE_BATTITURA;95%;MAIONESE CALVÉ CREMOSA;1;MAYONESE CALVÉ CREMOSA;1;MAIONESE CALVE' CREMOSA;;DA RIVEDERE MANUALMENTE;MAIONESE CALVE' CREMOSA;GIA COMPILATO;ALTA
ERRORE_BATTITURA;95%;PLUMCAKE MULINO BIANCO;1;PLUNCAKE MULINO BIANCO;1;PLUMCAKE MULINO BIANCO;;DA RIVEDERE MANUALMENTE;PLUMCAKE MULINO BIANCO;GIA COMPILATO;ALTA
ERRORE_BATTITURA;95%;RITAGLI DI POLLO COTTO;1;RITAGLI DI POLPO COTTO;1;RITAGLI DI POLLO COTTO;;DA RIVEDERE MANUALMENTE;RITAGLI DI POLLO COTTO;GIA COMPILATO;ALTA
ERRORE_BATTITURA;95%;STRACCHINO NONNI NANNI;1;STRACCHINO NONNO NANNI;1;STRACCHINO NONNO NANNI;;DA RIVEDERE MANUALMENTE;STRACCHINO NONNO NANNI;GIA COMPILATO;ALTA
ERRORE_BATTITURA;95%;SUGO SCOGLIO APPETATIS;1;SUGO SCOGLIO APPETTAIS;1;SUGO SCOGLIO APPETAIS;;DA RIVEDERE MANUALMENTE;SUGO SCOGLIO APPETAIS;GIA COMPILATO;ALTA
ERRORE_BATTITURA;95%;SUGO SCOGLIO APPETTAIS;1;SUGO SCOGLIO APPETTASI;1;SUGO SCOGLIO APPETAIS;;DA RIVEDERE MANUALMENTE;SUGO SCOGLIO APPETAIS;GIA COMPILATO;ALTA
ERRORE_BATTITURA;95%;BONHARDA DELL'OLTREPPO PAVESE DOC;1;BONHARDA DELL'OLTREPÒ PAVESE DOC;1;BONARDA DELL'OLTREPPO PAVESE DOC;;DA RIVEDERE MANUALMENTE;BONARDA DELL'OLTREPPO PAVESE DOC;GIA COMPILATO;ALTA
ERRORE_BATTITURA;95%;CONFETTI DI FRUTTA ASSORTITA MENZ & GASSER;1;CONFETTURE DI FRUTTA ASSORTITA MENZ & GASSER;1;CONFETTI DI FRUTTA ASSORTITA MENZ & GASSER;;DA RIVEDERE MANUALMENTE;CONFETTI DI FRUTTA ASSORTITA MENZ & GASSER;GIA COMPILATO;ALTA
ERRORE_BATTITURA;95%;PREPARATO LE TORTE BEGELI ANGELI PANEANGELI;1;PREPARATO LE TORTE DEGLI ANGELI PANEGANGELI;1;PREPARATO LE TORTE DEGLI ANGELI PANEANGELI;;DA RIVEDERE MANUALMENTE;PREPARATO LE TORTE DEGLI ANGELI PANEANGELI;GIA COMPILATO;ALTA
ERRORE_BATTITURA;95%;ACCHIAPPACOLORE GREY;1;L'ACCHIAPPACOLORE GREY;1;ACCHIAPPACOLORE GREY;;DA RIVEDERE MANUALMENTE;ACCHIAPPACOLORE GREY;GIA COMPILATO;ALTA
ERRORE_BATTITURA;95%;ASCIUGATTO CHRISTMAS;1;ASCIUGATUTTO CHRISTMAS;1;ASCIUGATUTTO CHRISTMAS;;DA RIVEDERE MANUALMENTE;ASCIUGATUTTO CHRISTMAS;GIA COMPILATO;ALTA
ERRORE_BATTITURA;95%;BAIOCCI MULINO BIANCO;1;BAIOCHI MULINO BIANCO;1;BAIOCCHI MULINO BIANCO;;DA RIVEDERE MANUALMENTE;BAIOCCHI MULINO BIANCO;GIA COMPILATO;ALTA
ERRORE_BATTITURA;95%;BESCHAMELLA GRANAROLO;1;BESCIAMELLA GRANAROLO;1;BESCIAMELLA GRANAROLO;;DA RIVEDERE MANUALMENTE;BESCIAMELLA GRANAROLO;GIA COMPILATO;ALTA
ERRORE_BATTITURA;95%;BONARDA DELL'OLTREPO PAVESE DOC;1;BONHARDA DELL'OLTREPÒ PAVESE DOC;1;BONARDA DELL'OLTREPPO PAVESE DOC;;DA RIVEDERE MANUALMENTE;BONARDA DELL'OLTREPPO PAVESE DOC;GIA COMPILATO;ALTA
ERRORE_BATTITURA;95%;COSCIOTTI DI TACCHINO;1;COSCIOTTO DI TACCHINO;1;COSCIOTTO DI TACCHINO;;DA RIVEDERE MANUALMENTE;COSCIOTTO DI TACCHINO;GIA COMPILATO;ALTA
ERRORE_BATTITURA;95%;GHIACCIOIOLI ASSORTITI;1;GHIACCIOLI ASSORTITI;1;GHIACCIOLI ASSORTITI;;DA RIVEDERE MANUALMENTE;GHIACCIOLI ASSORTITI;GIA COMPILATO;ALTA
ERRORE_BATTITURA;95%;GHIACCIOLI;1;GHIACCIOLLI;1;GHIACCIOLI;;DA RIVEDERE MANUALMENTE;GHIACCIOLI;GIA COMPILATO;ALTA
ERRORE_BATTITURA;95%;GRANMISTO DI FUNGHI CON PORCINI;1;GRANNIISTO DI FUNGHI CON PORCINI;1;GRANMISTO DI FUNGHI CON PORCINI;;DA RIVEDERE MANUALMENTE;GRANMISTO DI FUNGHI CON PORCINI;GIA COMPILATO;ALTA
ERRORE_BATTITURA;95%;KEFIN GUSTI ASSORTITI;1;KEFIR GUSTI ASSORTITI;1;KEFIR GUSTI ASSORTITI;;DA RIVEDERE MANUALMENTE;KEFIR GUSTI ASSORTITI;GIA COMPILATO;ALTA
ERRORE_BATTITURA;95%;LATTE UNIT;1;LATTE UNITE;1;LATTE UHT;;DA RIVEDERE MANUALMENTE;LATTE UHT;GIA COMPILATO;ALTA
ERRORE_BATTITURA;95%;MOZZARELLA BOCCONCINI;1;MOZZARELLA BOCCONCINO;1;MOZZARELLA BOCCONCINI;;DA RIVEDERE MANUALMENTE;MOZZARELLA BOCCONCINI;GIA COMPILATO;ALTA
ERRORE_BATTITURA;95%;PHILADELPHIA CLASSICA;1;PHILADELPHIA CLASSICO;1;PHILADELPHIA CLASSICO;;DA RIVEDERE MANUALMENTE;PHILADELPHIA CLASSICO;GIA COMPILATO;ALTA
ERRORE_BATTITURA;95%;SALSA DI FRUTTA BIFFI;1;SALSE DI FRUTTA BIFFI;1;SALSE DI FRUTTA BIFFI;;DA RIVEDERE MANUALMENTE;SALSE DI FRUTTA BIFFI;GIA COMPILATO;ALTA
ERRORE_BATTITURA;95%;RICOTTIME SENZA LATTOSIO ACCAIO GRANAROLO;1;RICOTTINE SENZA LATTOSIO ACCADI GRANAROLO;1;RICOTTINE SENZA LATTOSIO ACCADI GRANAROLO;;DA RIVEDERE MANUALMENTE;RICOTTINE SENZA LATTOSIO ACCADI GRANAROLO;GIA COMPILATO;ALTA
ERRORE_BATTITURA;95%;GRATTIGLIATO ITALIANO GRANAROLO;1;GRATTUGIATO ITALIANO GRANAROLO;1;GRATTUGIATO ITALIANO GRANAROLO;;DA RIVEDERE MANUALMENTE;GRATTUGIATO ITALIANO GRANAROLO;GIA COMPILATO;ALTA
ERRORE_BATTITURA;95%;BURRO BIO PARMAREGGIO;1;BURRO BIO PARMEGGIO;1;BURRO BIO PARMAREGGIO;;DA RIVEDERE MANUALMENTE;BURRO BIO PARMAREGGIO;GIA COMPILATO;ALTA
ERRORE_BATTITURA;95%;FAGOLOSI GRESSIN BON;1;FAGOLOSI GRISSIN BON;1;FAGOLOSI GRISSIN BON;;DA RIVEDERE MANUALMENTE;FAGOLOSI GRISSIN BON;GIA COMPILATO;ALTA
ERRORE_BATTITURA;95%;FORMAGGIO ALTO PRATO;1;FORNAGGIO ALTO PRATO;1;FORMAGGIO ALTO PRATO;;DA RIVEDERE MANUALMENTE;FORMAGGIO ALTO PRATO;GIA COMPILATO;ALTA
ERRORE_BATTITURA;95%;LATTE UNTH GRANAROLO;1;LATTE UNTR GRANAROLO;1;LATTE UHT GRANAROLO;;DA RIVEDERE MANUALMENTE;LATTE UHT GRANAROLO;GIA COMPILATO;ALTA
ERRORE_BATTITURA;95%;MELE BENETTE MELINDA;1;MELE RENETTE MELINDA;1;MELE RENETTE MELINDA;;DA RIVEDERE MANUALMENTE;MELE RENETTE MELINDA;GIA COMPILATO;ALTA
ERRORE_BATTITURA;95%;MELE RENETTA MELINDA;1;MELE RENETTE MELINDA;1;MELE RENETTE MELINDA;;DA RIVEDERE MANUALMENTE;MELE RENETTE MELINDA;GIA COMPILATO;ALTA
ERRORE_BATTITURA;95%;PASTA FRESCA RIPIENA;1;PASTA FRESCA RIPIENI;1;PASTA FRESCA RIPIENA;;DA RIVEDERE MANUALMENTE;PASTA FRESCA RIPIENA;GIA COMPILATO;ALTA
ERRORE_BATTITURA;95%;SALAME DI CIOCCOLATO;1;SALAME DI GIOCCOLATO;1;SALAME DI CIOCCOLATO;;DA RIVEDERE MANUALMENTE;SALAME DI CIOCCOLATO;GIA COMPILATO;ALTA
ERRORE_BATTITURA;95%;SALMONE NORVEGESE AFFUMICATO NOVA DE LUXE;1;SALMONE NORVESE AFFUMICATO HOVA DE LUXE;1;SALMONE NORVEGESE AFFUMICATO NOVA DE LUXE;;DA RIVEDERE MANUALMENTE;SALMONE NORVEGESE AFFUMICATO NOVA DE LUXE;GIA COMPILATO;ALTA
ERRORE_BATTITURA;95%;SALSA MONODOSE BIFFI;1;SALSE MONODOSE BIFFI;1;SALSA MONODOSE BIFFI;;DA RIVEDERE MANUALMENTE;SALSA MONODOSE BIFFI;GIA COMPILATO;ALTA
ERRORE_BATTITURA;95%;TONNO CALATA DE MARI;1;TONNO CALATA DI MARI;1;TONNO CALATA DE MARI;;DA RIVEDERE MANUALMENTE;TONNO CALATA DE MARI;GIA COMPILATO;ALTA
ERRORE_BATTITURA;95%;DETERGENTE RAVVIVA EMULSIONE;1;DETERGENTE RAVVIVANTE EMULSIONE;1;DETERGENTE RAVVIVA EMULSIONE;;DA RIVEDERE MANUALMENTE;DETERGENTE RAVVIVA EMULSIONE;GIA COMPILATO;ALTA
ERRORE_BATTITURA;95%;ALBICOCCE;1;ALBICOCCHE;1;ALBICOCCHE;;DA RIVEDERE MANUALMENTE;ALBICOCCHE;GIA COMPILATO;ALTA
ERRORE_BATTITURA;95%;CANDEGGINA PROFUMATA LAVANDA;1;CANDEGGINA PROFUMATA VIAVANDA;1;CANDEGGINA PROFUMATA LAVANDA;;DA RIVEDERE MANUALMENTE;CANDEGGINA PROFUMATA LAVANDA;GIA COMPILATO;ALTA
ERRORE_BATTITURA;95%;DISCOCIOCK;1;DISCOCIOK;1;DISCOCIOK;;DA RIVEDERE MANUALMENTE;DISCOCIOK;GIA COMPILATO;ALTA
ERRORE_BATTITURA;95%;FILETTI DI ACCIUGHE;1;FILETTI DI ACCOUGHE;1;FILETTI DI ACCIUGHE;;DA RIVEDERE MANUALMENTE;FILETTI DI ACCIUGHE;GIA COMPILATO;ALTA
ERRORE_BATTITURA;95%;GASTRONOMIA INSALATA RUSSA INSALATA CAPRICCIOSA;1;GASTRONOMIA INSALATA RUSSA, INSALATA CAMBICCIOSA;1;GASTRONOMIA INSALATA RUSSA INSALATA CAPRICCIOSA;;DA RIVEDERE MANUALMENTE;GASTRONOMIA INSALATA RUSSA INSALATA CAPRICCIOSA;GIA COMPILATO;ALTA
ERRORE_BATTITURA;95%;LATTE UNIT;1;LATTE UNT;1;LATTE UHT;;DA RIVEDERE MANUALMENTE;LATTE UHT;GIA COMPILATO;ALTA
ERRORE_BATTITURA;95%;PATATE IDOI PIZZOLI;1;PATATE IODI PIZZOLI;1;PATATE IODI PIZZOLI;;DA RIVEDERE MANUALMENTE;PATATE IODI PIZZOLI;GIA COMPILATO;ALTA
ERRORE_BATTITURA;95%;POMODORI DATTERINO;1;POMODORINI DATTERINO;1;POMODORINI DATTERINO;;DA RIVEDERE MANUALMENTE;POMODORINI DATTERINO;GIA COMPILATO;ALTA
ERRORE_BATTITURA;95%;POMODORI PICCADILLY;1;POMODORO PICCADILLY;1;POMODORO PICCADILLY;;DA RIVEDERE MANUALMENTE;POMODORO PICCADILLY;GIA COMPILATO;ALTA
ERRORE_BATTITURA;95%;ROBIOLA NONNO NANNI;1;ROBIOLA NONNO NONNI;1;ROBIOLA NONNO NANNI;;DA RIVEDERE MANUALMENTE;ROBIOLA NONNO NANNI;GIA COMPILATO;ALTA
ERRORE_BATTITURA;95%;SEPPIE INDOPACIFICHE PULITE;1;SEPPOLINE INDOPACIFICHE PULITE;1;SEPPIE INDOPACIFICHE PULITE;;DA RIVEDERE MANUALMENTE;SEPPIE INDOPACIFICHE PULITE;GIA COMPILATO;ALTA
ERRORE_BATTITURA;95%;SISTEHA IMMUNITARIO;1;SISTEMA IMMUNITARIO;1;SISTEMA IMMUNITARIO;;DA RIVEDERE MANUALMENTE;SISTEMA IMMUNITARIO;GIA COMPILATO;ALTA
ERRORE_BATTITURA;95%;FARINATA GENOVESE APPETTAIS;1;FARINATE GENOVESE APPETETAIS;1;FARINATE GENOVESE APPETAIS;;DA RIVEDERE MANUALMENTE;FARINATE GENOVESE APPETAIS;GIA COMPILATO;ALTA
ERRORE_BATTITURA;95%;MINESTRONE TRADIZIONE FINDOS;1;MINESTRONE TRADIZIONE FINES;1;MINESTRONE TRADIZIONE FINDUS;;DA RIVEDERE MANUALMENTE;MINESTRONE TRADIZIONE FINDUS;GIA COMPILATO;ALTA
ERRORE_BATTITURA;95%;MINESTRONE TRADIZIONE FINDUS;1;MINESTRONE TRADIZIONE FINES;1;MINESTRONE TRADIZIONE FINDUS;;DA RIVEDERE MANUALMENTE;MINESTRONE TRADIZIONE FINDUS;GIA COMPILATO;ALTA
ERRORE_BATTITURA;95%;MINESTRONE TRADIZIONE FINES;1;MINESTRONE TRADIZIONE FINOUS;1;MINESTRONE TRADIZIONE FINDUS;;DA RIVEDERE MANUALMENTE;MINESTRONE TRADIZIONE FINDUS;GIA COMPILATO;ALTA
ERRORE_BATTITURA;95%;SUGO ALLA MARINARA APERTAIS;1;SUGO ALLA MARINARA APPETATIS;1;SUGO ALLA MARINARA APPETAIS;;DA RIVEDERE MANUALMENTE;SUGO ALLA MARINARA APPETAIS;GIA COMPILATO;ALTA
ERRORE_BATTITURA;95%;SUGO ALLA MARINARA APERTAIS;1;SUGO ALLA MARINARA APPETTAIS;1;SUGO ALLA MARINARA APPETAIS;;DA RIVEDERE MANUALMENTE;SUGO ALLA MARINARA APPETAIS;GIA COMPILATO;ALTA
ERRORE_BATTITURA;95%;SUGO ALLA MARINARA APP'ETAS;1;SUGO ALLA MARINARA APPETATIS;1;SUGO ALLA MARINARA APPETAIS;;DA RIVEDERE MANUALMENTE;SUGO ALLA MARINARA APPETAIS;GIA COMPILATO;ALTA
ERRORE_BATTITURA;95%;SUGO ALLA MARINARA APP'ETAS;1;SUGO ALLA MARINARA APPETTAIS;1;SUGO ALLA MARINARA APPETAIS;;DA RIVEDERE MANUALMENTE;SUGO ALLA MARINARA APPETAIS;GIA COMPILATO;ALTA
ERRORE_BATTITURA;94%;BEVANDA ALPRO SOIA;1;BEVANDE ALPRO SOIA;1;BEVANDE ALPRO SOIA;;DA RIVEDERE MANUALMENTE;BEVANDE ALPRO SOIA;GIA COMPILATO;ALTA
ERRORE_BATTITURA;94%;COCA COLA CLASSICA;1;COCA COLA CLASSICO;1;COCA COLA CLASSICA;;DA RIVEDERE MANUALMENTE;COCA COLA CLASSICA;GIA COMPILATO;ALTA
ERRORE_BATTITURA;94%;COSCIOTTI DI POLLO;1;COSCIOTTO DI POLLO;1;COSCIOTTI DI POLLO;;DA RIVEDERE MANUALMENTE;COSCIOTTI DI POLLO;GIA COMPILATO;ALTA
ERRORE_BATTITURA;94%;DETERGENTE INTIMO;1;DETERSIGENTE INTIMO;1;DETERGENTE INTIMO;;DA RIVEDERE MANUALMENTE;DETERGENTE INTIMO;GIA COMPILATO;ALTA
ERRORE_BATTITURA;94%;DETERSENTE INTIMO;1;DETERSIGENTE INTIMO;1;DETERGENTE INTIMO;;DA RIVEDERE MANUALMENTE;DETERGENTE INTIMO;GIA COMPILATO;ALTA
ERRORE_BATTITURA;94%;GENERAL UNIVERSALE;1;GENERAL UNIVERSILE;1;GENERAL UNIVERSALE;;DA RIVEDERE MANUALMENTE;GENERAL UNIVERSALE;GIA COMPILATO;ALTA
ERRORE_BATTITURA;94%;POMODORI CILIEGINO;1;POMODORO CILIEGINO;1;POMODORO CILIEGINO;;DA RIVEDERE MANUALMENTE;POMODORO CILIEGINO;GIA COMPILATO;ALTA
ERRORE_BATTITURA;94%;POMODORI DATTERINO;1;POMODORO DATTERINO;1;POMODORO DATTERINO;;DA RIVEDERE MANUALMENTE;POMODORO DATTERINO;GIA COMPILATO;ALTA
ERRORE_BATTITURA;94%;PRIGNE SANTA CLARA;1;PRUGNE SANTA CLARA;1;PRUGNE SANTA CLARA;;DA RIVEDERE MANUALMENTE;PRUGNE SANTA CLARA;GIA COMPILATO;ALTA
ERRORE_BATTITURA;94%;PROFILEROLES CACAO;1;PROFITEROLES CACAO;1;PROFITEROLES CACAO;;DA RIVEDERE MANUALMENTE;PROFITEROLES CACAO;GIA COMPILATO;ALTA
ERRORE_BATTITURA;94%;SALAMELLA DI SUINO;1;SALAMELLE DI SUINO;1;SALAMELLE DI SUINO;;DA RIVEDERE MANUALMENTE;SALAMELLE DI SUINO;GIA COMPILATO;ALTA
ERRORE_BATTITURA;94%;SALVIETTE MILLEUIS;1;SALVIETTE MILLEUNI;1;SALVIETTE MILLEUSI;;DA RIVEDERE MANUALMENTE;SALVIETTE MILLEUSI;GIA COMPILATO;ALTA
ERRORE_BATTITURA;94%;SALVIETTE MILLEUIS;1;SALVIETTE MILLIEUS;1;SALVIETTE MILLEUSI;;DA RIVEDERE MANUALMENTE;SALVIETTE MILLEUSI;GIA COMPILATO;ALTA
ERRORE_BATTITURA;94%;SPIANATA PICCANTE;1;SPIANATINA PICCANTE;1;SPIANATA PICCANTE;;DA RIVEDERE MANUALMENTE;SPIANATA PICCANTE;GIA COMPILATO;ALTA
ERRORE_BATTITURA;94%;TONNO ZERO NOSTRO;1;TONNO ZERO NOSTROMO;1;TONNO ZERO NOSTROMO;;DA RIVEDERE MANUALMENTE;TONNO ZERO NOSTROMO;GIA COMPILATO;ALTA
ERRORE_BATTITURA;94%;TORRINCINI VERGANI;1;TORRONCINI VERGANI;1;TORRONCINI VERGANI;;DA RIVEDERE MANUALMENTE;TORRONCINI VERGANI;GIA COMPILATO;ALTA
ERRORE_BATTITURA;94%;DETERGENTE INTIMO NEUTROMED;1;DETIGENTE INTIMO NEUTROMED;1;DETERGENTE INTIMO NEUTROMED;;DA RIVEDERE MANUALMENTE;DETERGENTE INTIMO NEUTROMED;GIA COMPILATO;ALTA
ERRORE_BATTITURA;94%;GRAN COPPA FAMIGLIA TOMITTO;1;GRAN COPPA FAMIGLIA TRITTO;1;GRAN COPPA FAMIGLIA TONITTO;;DA RIVEDERE MANUALMENTE;GRAN COPPA FAMIGLIA TONITTO;GIA COMPILATO;ALTA
ERRORE_BATTITURA;94%;GRAN COPPA FAMIGLIA TONITTO;1;GRAN COPPA FAMIGLIA TRITTO;1;GRAN COPPA FAMIGLIA TONITTO;;DA RIVEDERE MANUALMENTE;GRAN COPPA FAMIGLIA TONITTO;GIA COMPILATO;ALTA
ERRORE_BATTITURA;94%;GRAN SALSA DI NOCI IL PESTO DI PRÀ BRUZZONE & FERRARI;1;GRAN SALSA DI NOCI IL PORTO DI PRÀ BRUZZONE & FERZARI;1;GRAN SALSA DI NOCI IL PESTO DI PRA' BRUZZONE & FERRARI;;DA RIVEDERE MANUALMENTE;GRAN SALSA DI NOCI IL PESTO DI PRA' BRUZZONE & FERRARI;GIA COMPILATO;ALTA
ERRORE_BATTITURA;94%;LATTE UHT ACCADI GRANAROLO;1;LATTE UNIT ACCADI GRANAROLO;1;LATTE UHT ACCADI GRANAROLO;;DA RIVEDERE MANUALMENTE;LATTE UHT ACCADI GRANAROLO;GIA COMPILATO;ALTA
ERRORE_BATTITURA;94%;MINI COPPA FAMIGLIA TOMITTO;1;MINI COPPA FAMIGLIA TONITO;1;MINI COPPA FAMIGLIA TONITTO;;DA RIVEDERE MANUALMENTE;MINI COPPA FAMIGLIA TONITTO;GIA COMPILATO;ALTA
ERRORE_BATTITURA;94%;SUGO ALLE VONGOLE APERTAIS;1;SUGO ALLE VONGOLE APPETTAIS;1;SUGO ALLE VONGOLE APPETAIS;;DA RIVEDERE MANUALMENTE;SUGO ALLE VONGOLE APPETAIS;GIA COMPILATO;ALTA
ERRORE_BATTITURA;94%;TARTINE SALMONE E GAMBERETTI;1;TARTINE SALMONE E GAMBERI;1;TARTINE SALMONE E GAMBERETTI;;DA RIVEDERE MANUALMENTE;TARTINE SALMONE E GAMBERETTI;GIA COMPILATO;ALTA
ERRORE_BATTITURA;94%;BEVANDA RIDUZIONE COLESTEROLO ALPLI;1;BEVANDA RIDUZIONE COLESTEROLO ALPRO;1;BEVANDA RIDUZIONE COLESTEROLO ALPLI;;DA RIVEDERE MANUALMENTE;BEVANDA RIDUZIONE COLESTEROLO ALPLI;GIA COMPILATO;ALTA
ERRORE_BATTITURA;94%;SGRASSATORE UNIVERSALE CHANTE CLAIR;1;SGRAZZATORE UNIVERSALE CHANTE CLAIR;1;SGRASSATORE UNIVERSALE CHANTE CLAIR;;DA RIVEDERE MANUALMENTE;SGRASSATORE UNIVERSALE CHANTE CLAIR;GIA COMPILATO;ALTA
ERRORE_BATTITURA;94%;ANTIPASTO DEL RE;1;L'ANTIPASTO DEL RE;1;ANTIPASTO DEL RE;;DA RIVEDERE MANUALMENTE;ANTIPASTO DEL RE;GIA COMPILATO;ALTA
ERRORE_BATTITURA;94%;ASCIUGATTO BRAVO;1;ASCIUGATUTTO BRAVO;1;ASCIUGATUTTO BRAVO;;DA RIVEDERE MANUALMENTE;ASCIUGATUTTO BRAVO;GIA COMPILATO;ALTA
ERRORE_BATTITURA;94%;BEVANDA DI FRUTTA;1;BEVANDE DI FRUTTA;1;BEVANDE DI FRUTTA;;DA RIVEDERE MANUALMENTE;BEVANDE DI FRUTTA;GIA COMPILATO;ALTA
ERRORE_BATTITURA;94%;BIRRA DAMM LEHMON;1;BIRRA DAMN LEHMON;1;BIRRA DAMN LEHMON;;DA RIVEDERE MANUALMENTE;BIRRA DAMN LEHMON;GIA COMPILATO;ALTA
ERRORE_BATTITURA;94%;BISCOTTI 6 CEREALI NIPOL;1;BISCOTTINI 6 CEREALI NIPIOL;1;BISCOTTI 6 CEREALI NIPOL;;DA RIVEDERE MANUALMENTE;BISCOTTI 6 CEREALI NIPOL;GIA COMPILATO;ALTA
ERRORE_BATTITURA;94%;BRACIOLA DI SUINO;1;BRACIOLE DI SUINO;1;BRACIOLE DI SUINO;;DA RIVEDERE MANUALMENTE;BRACIOLE DI SUINO;GIA COMPILATO;ALTA
ERRORE_BATTITURA;94%;CAFFÈ INTERMEZZO SAFREDDO;1;CAFFÈ INTERMEZZO SEGAFREDO;1;CAFFE' INTERMEZZO SEGAFREDO;;DA RIVEDERE MANUALMENTE;CAFFE' INTERMEZZO SEGAFREDO;GIA COMPILATO;ALTA
ERRORE_BATTITURA;94%;CONDIMENTO CONDISANO DANTE;1;CONDIMENTO CONSANTO DANTE;1;CONDIMENTO CONDISANO DANTE;;DA RIVEDERE MANUALMENTE;CONDIMENTO CONDISANO DANTE;GIA COMPILATO;ALTA
ERRORE_BATTITURA;94%;COSCETTE DI POLLO;1;COSCOTTE DI POLLO;1;COSCIOTTI DI POLLO;;DA RIVEDERE MANUALMENTE;COSCIOTTI DI POLLO;GIA COMPILATO;ALTA
ERRORE_BATTITURA;94%;COSCOTTE DI POLLO;1;COSCOTTI DI POLLO;1;COSCIOTTI DI POLLO;;DA RIVEDERE MANUALMENTE;COSCIOTTI DI POLLO;GIA COMPILATO;ALTA
ERRORE_BATTITURA;94%;DETERGENTE INTIMO;1;DETERSENTE INTIMO;1;DETERGENTE INTIMO;;DA RIVEDERE MANUALMENTE;DETERGENTE INTIMO;GIA COMPILATO;ALTA
ERRORE_BATTITURA;94%;DOLCI PRONTI PROFITEROLES,TIRAMISÙ;1;DOLCI PRONTI PROFITEROLES/TIRAMISU;1;DOLCI PRONTI PROFITEROLES/TIRAMISU;;DA RIVEDERE MANUALMENTE;DOLCI PRONTI PROFITEROLES/TIRAMISU;GIA COMPILATO;ALTA
ERRORE_BATTITURA;94%;FOCACCIA;1;FOCACCINA;1;FOCACCIA;;DA RIVEDERE MANUALMENTE;FOCACCIA;GIA COMPILATO;ALTA
ERRORE_BATTITURA;94%;GRAN COPPA FAMIGLIA TRITTO;1;GRAN COPPA FAMIGLIA TUTTO;1;GRAN COPPA FAMIGLIA TONITTO;;DA RIVEDERE MANUALMENTE;GRAN COPPA FAMIGLIA TONITTO;GIA COMPILATO;ALTA
ERRORE_BATTITURA;94%;MINI COPPA FAMIGLIA TONITO;1;MINI COPPA FAMIGLIA TONNO;1;MINI COPPA FAMIGLIA TONITTO;;DA RIVEDERE MANUALMENTE;MINI COPPA FAMIGLIA TONITTO;GIA COMPILATO;ALTA
ERRORE_BATTITURA;94%;NERO DI TROIA IGP;1;NERO DI TROIA IGT;1;NERO DI TROIA IGP;;DA RIVEDERE MANUALMENTE;NERO DI TROIA IGP;GIA COMPILATO;ALTA
ERRORE_BATTITURA;94%;SUGO ALLE VONGOLE APETIS;1;SUGO ALLE VONGOLE APPETTAIS;1;SUGO ALLE VONGOLE APPETAIS;;DA RIVEDERE MANUALMENTE;SUGO ALLE VONGOLE APPETAIS;GIA COMPILATO;ALTA
ERRORE_BATTITURA;94%;4 UOVA FRESCHE BIOLOGICA;1;4 UOVA FRESCHE BIOLOGICHE;1;4 UOVA FRESCHE BIOLOGICHE;;DA RIVEDERE MANUALMENTE;4 UOVA FRESCHE BIOLOGICHE;GIA COMPILATO;ALTA
ERRORE_BATTITURA;94%;CORNETTO CLASSICO ALGIDA;1;CORNETTO CLASSICO ALIENDA;1;CORNETTO CLASSICO ALGIDA;;DA RIVEDERE MANUALMENTE;CORNETTO CLASSICO ALGIDA;GIA COMPILATO;ALTA
ERRORE_BATTITURA;94%;TOVAGLIOLI FIORI DI CARTA;1;TOWAGLIOLI FIOR DI CARTA;1;TOVAGLIOLI FIORI DI CARTA;;DA RIVEDERE MANUALMENTE;TOVAGLIOLI FIORI DI CARTA;GIA COMPILATO;ALTA
ERRORE_BATTITURA;94%;BISCOTTI COLUSSE;1;BISCOTTI COLUSSI;1;BISCOTTI COLUSSI;;DA RIVEDERE MANUALMENTE;BISCOTTI COLUSSI;GIA COMPILATO;ALTA
ERRORE_BATTITURA;94%;BISCOTTI DEL LACAGGIO PANARELLO;1;BISCOTTI DEL LACAGLIACO PANARELLO;1;BISCOTTI DEL LAGACCIO PANARELLO;;DA RIVEDERE MANUALMENTE;BISCOTTI DEL LAGACCIO PANARELLO;GIA COMPILATO;ALTA
ERRORE_BATTITURA;94%;BISCOTTO GELATO;1;BISCOTTONE GELATO;1;BISCOTTO GELATO;;DA RIVEDERE MANUALMENTE;BISCOTTO GELATO;GIA COMPILATO;ALTA
ERRORE_BATTITURA;94%;BONHARA DELL'OLTREPÒ PAVESE DOC;1;BONHARDA DELL'OLTREPPO PAVESE DOC;1;BONARDA DELL'OLTREPO' PAVESE DOC;;DA RIVEDERE MANUALMENTE;BONARDA DELL'OLTREPO' PAVESE DOC;GIA COMPILATO;ALTA
ERRORE_BATTITURA;94%;CIOCCOLATI NOVI;1;CIOCCOLATINI NOVI;1;CIOCCOLATINI NOVI;;DA RIVEDERE MANUALMENTE;CIOCCOLATI NOVI;TIE: fallback a CIOCCOLATI NOVI (0.0 vs 0.0);BASSA
ERRORE_BATTITURA;94%;CIOCCOLATO NOVI;1;CIOCCOLATO NOVITA;1;CIOCCOLATO NOVI;;DA RIVEDERE MANUALMENTE;CIOCCOLATO NOVI;TIE: fallback a CIOCCOLATO NOVI (0.0 vs 0.0);BASSA
ERRORE_BATTITURA;94%;PATATA SELENELLA;1;PATATE SELENELLA;1;PATATA SELENELLA;;DA RIVEDERE MANUALMENTE;PATATA SELENELLA;TIE: fallback a PATATA SELENELLA (0.0 vs 0.0);BASSA
ERRORE_BATTITURA;94%;RICARICA SGRASSATORE CHANTE CLAIR;1;RICARICA SGRA?ATORE CHANT CLAIR;1;RICARICA SGRASSATORE CHANTE CLAIR;;DA RIVEDERE MANUALMENTE;RICARICA SGRASSATORE CHANTE CLAIR;"Solo A ha brand ['CHANTE CLAIR']; B contiene ß tedesco, probabilmente errato; A sembra più italiano (1 vs 0); SCELTA: A (9.0 vs 0.0)";ALTA
ERRORE_BATTITURA;94%;RISO RIBE SCOTTI;1;RISO RICE SCOTTI;1;RISO RIBE SCOTTI;;DA RIVEDERE MANUALMENTE;RISO RIBE SCOTTI;"A è forma già confermata; SCELTA: A (4.0 vs 0.0)";ALTA
ERRORE_BATTITURA;94%;SOFFICINI FINDUS;1;SOFFYCINI FINDUS;1;SOFFICINI FINDUS;;DA RIVEDERE MANUALMENTE;SOFFICINI FINDUS;"A è forma già confermata; SCELTA: A (4.0 vs 0.0)";ALTA
ERRORE_BATTITURA;94%;TONAGLIOLI BRAVO;1;TOVAGLIOLI BRAVO;1;TOVAGLIOLI BRAVO;;DA RIVEDERE MANUALMENTE;TOVAGLIOLI BRAVO;"A contiene 'TONAGLIOLI' invece di 'TOVAGLIOLI'; SCELTA: B (3.0 vs 0.0)";ALTA
ERRORE_BATTITURA;94%;TONAGLIOLI BRAVO;1;TOWAGLIOLI BRAVO;1;TOVAGLIOLI BRAVO;;DA RIVEDERE MANUALMENTE;TONAGLIOLI BRAVO;TIE: fallback a TONAGLIOLI BRAVO (0.0 vs 0.0);BASSA
ERRORE_BATTITURA;94%;TOVAGLIOLI BONNY;1;TOWAGLIOLI BONNY;1;TOVAGLIOLI BONNY;;DA RIVEDERE MANUALMENTE;TOVAGLIOLI BONNY;"B contiene 'TOWAGLIOLI' invece di 'TOVAGLIOLI'; SCELTA: A (3.0 vs 0.0)";ALTA
ERRORE_BATTITURA;94%;TOVAGLIOLI BRAVO;1;TOWAGLIOLI BRAVO;1;TOVAGLIOLI BRAVO;;DA RIVEDERE MANUALMENTE;TOVAGLIOLI BRAVO;"B contiene 'TOWAGLIOLI' invece di 'TOVAGLIOLI'; SCELTA: A (3.0 vs 0.0)";ALTA
ERRORE_BATTITURA;94%;CAPRINO A LATTE VACCINO;1;CAPRINO DI LATTE VACCINO;1;CAPRINO DI LATTE VACCINO;;DA RIVEDERE MANUALMENTE;CAPRINO DI LATTE VACCINO;"A manca doppia lettera; SCELTA: B (2.0 vs 0.0)";MEDIA
ERRORE_BATTITURA;94%;INVERNIZZENNA INVERNIZZI;1;INVERNIZZINA INVERNIZZI;1;INVERNIZZINA INVERNIZZI;;DA RIVEDERE MANUALMENTE;INVERNIZZENNA INVERNIZZI;"Solo A ha brand ['INVERNIZZI', 'INVERNIZZENNA']; B è forma già confermata; B manca doppia lettera; SCELTA: A (7.0 vs 4.0)";ALTA
ERRORE_BATTITURA;94%;BISCOTTI DEL LACAGGIO PANARELLO;1;BISCOTTI DEL LAGGACIO PANARELLO;1;BISCOTTI DEL LAGACCIO PANARELLO;;DA RIVEDERE MANUALMENTE;BISCOTTI DEL LACAGGIO PANARELLO;TIE: fallback a BISCOTTI DEL LACAGGIO PANARELL (0.0 vs 0.0);BASSA
ERRORE_BATTITURA;94%;BISCOTTI DEL LAGACCIO PANARELLO;1;BISCOTTI DEL LEPAGCIO PANARELLO;1;BISCOTTI DEL LAGACCIO PANARELLO;;DA RIVEDERE MANUALMENTE;BISCOTTI DEL LAGACCIO PANARELLO;"B contiene 'LEPAGCIO' invece di 'LAGACCIO'; A è forma già confermata; SCELTA: A (7.0 vs 0.0)";ALTA
ERRORE_BATTITURA;94%;BISCOTTI DEL LAGGACIO PANARELLO;1;BISCOTTI DEL LEPAGCIO PANARELLO;1;BISCOTTI DEL LAGACCIO PANARELLO;;DA RIVEDERE MANUALMENTE;BISCOTTI DEL LAGGACIO PANARELLO;TIE: fallback a BISCOTTI DEL LAGGACIO PANARELL (0.0 vs 0.0);BASSA
ERRORE_BATTITURA;94%;BONARDA DELL'OLTREPO PAVESE DOC;1;BONHARA DELL'OLTREPÒ PAVESE DOC;1;BONARDA DELL'OLTREPO PAVESE DOC;;DA RIVEDERE MANUALMENTE;BONARDA DELL'OLTREPO PAVESE DOC;"A è forma già confermata; SCELTA: A (4.0 vs 0.0)";ALTA
ERRORE_BATTITURA;94%;VERMENTINO TERCINE SICILIANE IGT;1;VERMENTINO TERRE SICILIANE IGT;1;VERMENTINO TERRE SICILIANE IGT;;DA RIVEDERE MANUALMENTE;VERMENTINO TERRE SICILIANE IGT;"B sembra più italiano (1 vs 0); SCELTA: B (1.0 vs 0.0)";MEDIA
ERRORE_BATTITURA;94%;BAGNO DOCCIA CREMA SPUMA DI SCIAMPAGNA;1;BASSO DOCCIA CREMA SPUMA DI SCHIAMPAGNA;1;BAGNO DOCCIA CREMA SPUMA DI SCIAMPAGNA;;DA RIVEDERE MANUALMENTE;BAGNO DOCCIA CREMA SPUMA DI SCIAMPAGNA;TIE: fallback a BAGNO DOCCIA CREMA SPUMA DI SC (0.0 vs 0.0);BASSA
ERRORE_BATTITURA;93%;ADDITIVO DISINFETTANTE NAPISAN;1;ADDITIVO DISINFETTANTE NIPASAN;1;ADDITIVO DISINFETTANTE NAPISAN;;DA RIVEDERE MANUALMENTE;ADDITIVO DISINFETTANTE NAPISAN;"Solo A ha brand ['NAPISAN']; B sembra più italiano (3 vs 1); SCELTA: A (5.0 vs 1.0)";ALTA
ERRORE_BATTITURA;93%;AMMORBIDENTE CONCENTRATO VERCNE;1;AMMORBIDENTE CONCENTRATO VERT;1;AMMORBIDENTE CONCENTRATO VERT;;DA RIVEDERE MANUALMENTE;AMMORBIDENTE CONCENTRATO VERT;"B è forma già confermata; SCELTA: B (4.0 vs 0.0)";ALTA
ERRORE_BATTITURA;93%;AMMORBIDENTE CONCENTRATO VERNEL;1;AMMORBIDENTE CONCENTRATO VERT;1;AMMORBIDENTE CONCENTRATO VERT;;DA RIVEDERE MANUALMENTE;AMMORBIDENTE CONCENTRATO VERT;TIE: fallback a AMMORBIDENTE CONCENTRATO VERT (0.0 vs 0.0);BASSA
ERRORE_BATTITURA;93%;BURGER VEGETALE;1;BURGER VEGETALI;1;BURGER VEGETALE;;DA RIVEDERE MANUALMENTE;BURGER VEGETALE;"A sembra più italiano (1 vs 0); SCELTA: A (1.0 vs 0.0)";MEDIA
ERRORE_BATTITURA;93%;CIOCCOLATI NOVI;1;CIOCCOLATO NOVI;1;CIOCCOLATI NOVI;;DA RIVEDERE MANUALMENTE;CIOCCOLATI NOVI;TIE: fallback a CIOCCOLATI NOVI (0.0 vs 0.0);BASSA
ERRORE_BATTITURA;93%;DETERSIVO PIATTI HELEN;1;DETERSIVO PIATTI NELSEN;1;DETERSIVO PIATTI NELSEN;;DA RIVEDERE MANUALMENTE;DETERSIVO PIATTI NELSEN;"B è forma già confermata; SCELTA: B (4.0 vs 0.0)";ALTA
ERRORE_BATTITURA;93%;HFC HYDRATION HELP ALMO NATURE;1;MFC HYDRATION HELH ALMO NATURE;1;HFC HYDRATION HELP ALMO NATURE;;DA RIVEDERE MANUALMENTE;HFC HYDRATION HELP ALMO NATURE;TIE: fallback a HFC HYDRATION HELP ALMO NATURE (0.0 vs 0.0);BASSA
ERRORE_BATTITURA;93%;LE PROSCIUTTINE;1;LE PROSCUITTINE;1;LE PROSCIUTTINE;;DA RIVEDERE MANUALMENTE;LE PROSCIUTTINE;"A è forma già confermata; SCELTA: A (4.0 vs 0.0)";ALTA
ERRORE_BATTITURA;93%;MIX&GO NOSTROMO;1;MIXAGO NOSTROMO;1;MIX&GO NOSTROMO;;DA RIVEDERE MANUALMENTE;MIX&GO NOSTROMO;TIE: fallback a MIX&GO NOSTROMO (0.0 vs 0.0);BASSA
ERRORE_BATTITURA;93%;SACCHI ANTIFORO SPAZZY;1;SACCONI ANTIFORO SPAZZY;1;SACCONI ANTIFORO SPAZZY;;DA RIVEDERE MANUALMENTE;SACCONI ANTIFORO SPAZZY;"A manca doppia lettera; SCELTA: B (2.0 vs 0.0)";MEDIA
ERRORE_BATTITURA;93%;SACCHI RIFIUTI FAMIGLIA;1;SACCO RIFIUTI FAMIGLIA;1;SACCO RIFIUTI FAMIGLIA;;DA RIVEDERE MANUALMENTE;SACCO RIFIUTI FAMIGLIA;TIE: fallback a SACCO RIFIUTI FAMIGLIA (0.0 vs 0.0);BASSA
ERRORE_BATTITURA;93%;SCOPA TONKITA DUAL ARIX;1;SCOPA TONKITA DUAL ARIX;1;SCOPA TONKITA DUAL ARIX;;DA RIVEDERE MANUALMENTE;SCOPA TONKITA DUAL ARIX;"Stesse parole, ordine diverso; TIE: fallback a SCOPA TONKITA DUAL ARIX (0.0 vs 0.0)";BASSA
ERRORE_BATTITURA;93%;SENAPE DELICATA;1;SENEPE DELICATA;1;SENAPE DELICATA;;DA RIVEDERE MANUALMENTE;SENAPE DELICATA;TIE: fallback a SENAPE DELICATA (0.0 vs 0.0);BASSA
ERRORE_BATTITURA;93%;SUGO SCOGGLIA APPETATIS;1;SUGO SCOGLIO APPETATIS;1;SUGO SCOGLIO APPETAIS;;DA RIVEDERE MANUALMENTE;SUGO SCOGGLIA APPETATIS;"B manca doppia lettera; SCELTA: A (2.0 vs 0.0)";MEDIA
ERRORE_BATTITURA;93%;SUPERMOCIO TORSION POWER REDA;1;SUPERMOCIO TORSION POWER VILEDA;1;SUPERMOCIO TORSION POWER VILEDA;;DA RIVEDERE MANUALMENTE;SUPERMOCIO TORSION POWER REDA;TIE: fallback a SUPERMOCIO TORSION POWER REDA (0.0 vs 0.0);BASSA
ERRORE_BATTITURA;93%;TOMINI CLASSICI;1;TOMINI CLASSICO;1;TOMINI CLASSICI;;DA RIVEDERE MANUALMENTE;TOMINI CLASSICO;"B sembra più italiano (2 vs 1); SCELTA: B (1.0 vs 0.0)";MEDIA
ERRORE_BATTITURA;93%;FETTINE CON EMMENTALER SVIZZERO TIGRE;1;FETTINE DI EMMENTALER SVIZZERO TIGRE;1;FETTINE CON EMMENTALER SVIZZERO TIGRE;;DA RIVEDERE MANUALMENTE;FETTINE CON EMMENTALER SVIZZERO TIGRE;"B manca doppia lettera; SCELTA: A (2.0 vs 0.0)";MEDIA
ERRORE_BATTITURA;93%;AMMORBIDENTE CONCENTRATO SCALA;1;AMMORBIDENTE SCONTRATO SCALA;1;AMMORBIDENTE CONCENTRATO SCALA;;DA RIVEDERE MANUALMENTE;AMMORBIDENTE SCONTRATO SCALA;TIE: fallback a AMMORBIDENTE SCONTRATO SCALA (0.0 vs 0.0);BASSA
ERRORE_BATTITURA;93%;COTOLETTA VEGETARIANA VALSOIA;1;COTOLETTE VEGETARIANE VALSOIA;1;COTOLETTA VEGETARIANA VALSOIA;;DA RIVEDERE MANUALMENTE;COTOLETTA VEGETARIANA VALSOIA;TIE: fallback a COTOLETTA VEGETARIANA VALSOIA (0.0 vs 0.0);BASSA
ERRORE_BATTITURA;93%;I GRAN PESTI IL PESTO DI PRÀ;1;I GRANDI PESTI IL PESTO DI PRA;1;I GRAN PESTI IL PESTO DI PRÀ;;DA RIVEDERE MANUALMENTE;I GRAN PESTI IL PESTO DI PRÀ;TIE: fallback a I GRAN PESTI IL PESTO DI PRÀ (0.0 vs 0.0);BASSA
ERRORE_BATTITURA;93%;PASSATA DI POMODORO AGROMONTE;1;PASSATA DI POMODORO AGRONOMTE;1;PASSATA DI POMODORO AGROMONTE;;DA RIVEDERE MANUALMENTE;PASSATA DI POMODORO AGROMONTE;TIE: fallback a PASSATA DI POMODORO AGROMONTE (0.0 vs 0.0);BASSA
ERRORE_BATTITURA;93%;GHIACCIOIOLI ASSORTITI;1;GHIACCIOLLI ASSORTITI;1;GHIACCIOLI ASSORTITI;;DA RIVEDERE MANUALMENTE;GHIACCIOIOLI ASSORTITI;"B manca doppia lettera; SCELTA: A (2.0 vs 0.0)";MEDIA
ERRORE_BATTITURA;93%;PROVIVTA SUGO DE RICA;1;PROVVISTA SUGO DE RICA;1;PROVVISTA SUGO DE RICA;;DA RIVEDERE MANUALMENTE;PROVVISTA SUGO DE RICA;"B sembra più italiano (2 vs 1); A manca doppia lettera; SCELTA: B (3.0 vs 0.0)";ALTA
ERRORE_BATTITURA;93%;SGRASSATORE UNIVERSALE CHANTE CLAIRE;1;SGRAZZATORE UNIVERSALE CHANTE CLAIR;1;SGRASSATORE UNIVERSALE CHANTE CLAIRE;;DA RIVEDERE MANUALMENTE;SGRASSATORE UNIVERSALE CHANTE CLAIRE;"Solo A ha brand ['CHANTE CLAIR', 'CHANTE CLAIRE']; A sembra più italiano (2 vs 1); SCELTA: A (6.0 vs 0.0)";ALTA
ERRORE_BATTITURA;93%;4 UOVA FRESCHE;1;6 UOVA FRESCHE;1;4 UOVA FRESCHE;;DA RIVEDERE MANUALMENTE;4 UOVA FRESCHE;TIE: fallback a 4 UOVA FRESCHE (0.0 vs 0.0);BASSA
ERRORE_BATTITURA;93%;CARTA CASA TUTTOFARE SCOFFEX;1;CARTA CASA TUTTOFARE SCOTTEX;1;CARTA CASA TUTTOFARE SCOTTEX;;DA RIVEDERE MANUALMENTE;CARTA CASA TUTTOFARE SCOFFEX;"Solo A ha brand ['SCOFFEX', 'TUTTO']; B sembra più italiano (3 vs 1); SCELTA: A (5.0 vs 1.0)";ALTA
ERRORE_BATTITURA;93%;DANACOL DAHONE;1;DANACOL DANONE;1;DANACOL DANONE;;DA RIVEDERE MANUALMENTE;DANACOL DAHONE;TIE: fallback a DANACOL DAHONE (0.0 vs 0.0);BASSA
ERRORE_BATTITURA;93%;FORMAGGINI BEL PAESE GALBANI;1;FORMAGGINI DEL PAESE GALSANI;1;FORMAGGINI BEL PAESE GALBANI;;DA RIVEDERE MANUALMENTE;FORMAGGINI DEL PAESE GALSANI;SCELTA: B (1.0 vs 0.0);MEDIA
ERRORE_BATTITURA;93%;GRAN COPPA FAMIGLIA TOMITTO;1;GRAN COPPA FAMIGLIOLA TONITTO;1;GRAN COPPA FAMIGLIA TOMITTO;;DA RIVEDERE MANUALMENTE;GRAN COPPA FAMIGLIA TOMITTO;"Solo A ha brand ['TOMITTO']; B sembra più italiano (3 vs 1); SCELTA: A (5.0 vs 1.0)";ALTA
ERRORE_BATTITURA;93%;MINESTRONE LEGGEREZZA FROGEL;1;MINESTRONE LEGGEREZZA OREGEL;1;MINESTRONE LEGGEREZZA OROGEL;;DA RIVEDERE MANUALMENTE;MINESTRONE LEGGEREZZA OREGEL;"Solo B ha brand ['OREGEL']; SCELTA: B (5.0 vs 0.0)";ALTA
ERRORE_BATTITURA;93%;MOZZARELLE MOZARI INVERNIZZI;1;MOZZARELLE MOZARÌ INVERMIZZI;1;MOZZARELLE MOZARÌ INVERNIZZI;;DA RIVEDERE MANUALMENTE;MOZZARELLE MOZARÌ INVERMIZZI;"Solo B ha brand ['INVERMIZZI']; A sembra più italiano (3 vs 1); SCELTA: B (5.0 vs 1.0)";ALTA
ERRORE_BATTITURA;93%;RICARICA PER SGRASSATORE CHANTECLAIR;1;RICARICA SGRASSATORE CHANTE CLAIR;1;RICARICA SGRASSATORE CHANTE CLAIR;;DA RIVEDERE MANUALMENTE;RICARICA SGRASSATORE CHANTE CLAIR;"Solo B ha brand ['CHANTE CLAIR']; A sembra più italiano (3 vs 1); SCELTA: B (5.0 vs 2.0)";ALTA
ERRORE_BATTITURA;93%;DENTIFRICE MENTADENT;1;DENTIFRICIO MENTADENT;1;DENTIFRICIO MENTADENT;;DA RIVEDERE MANUALMENTE;DENTIFRICE MENTADENT;TIE: fallback a DENTIFRICE MENTADENT (0.0 vs 0.0);BASSA
ERRORE_BATTITURA;93%;DOCCIA FELCE AZZURRA;1;DOC{C}A FELCE AZZURRA;1;DOCCIA FELCE AZZURRA;;DA RIVEDERE MANUALMENTE;DOC{C}A FELCE AZZURRA;"A manca doppia lettera; SCELTA: B (2.0 vs 0.0)";MEDIA
ERRORE_BATTITURA;93%;FARINATA GENOVESE APPETAIS;1;FARINATE GENOVESE APPETETAIS;1;FARINATA GENOVESE APPETAIS;;DA RIVEDERE MANUALMENTE;FARINATA GENOVESE APPETAIS;"Solo A ha brand ['APPETAIS']; A è forma già confermata; SCELTA: A (9.0 vs 0.0)";ALTA
ERRORE_BATTITURA;93%;GRAN COPPA FAMIGLIA TOMMITO;1;GRAN COPPA FAMIGLIA TONITTO;1;GRAN COPPA FAMIGLIA TONITTO;;DA RIVEDERE MANUALMENTE;GRAN COPPA FAMIGLIA TOMMITO;"Solo A ha brand ['TOMMITO']; B è forma già confermata; B sembra più italiano (3 vs 1); TIE: fallback a GRAN COPPA FAMIGLIA TOMMITO (5.0 vs 5.0)";BASSA
ERRORE_BATTITURA;93%;PEPERONCINI CON TONNO ALTON;1;PEPERONCINI CON TONNO SATOS;1;PEPERONCINI CON TONNO SATOS;;DA RIVEDERE MANUALMENTE;PEPERONCINI CON TONNO ALTON;TIE: fallback a PEPERONCINI CON TONNO ALTON (0.0 vs 0.0);BASSA
ERRORE_BATTITURA;93%;SUGO ALLA MARINARA APERTAIS;1;SUGO ALLA MARINARA APP'ETAS;1;SUGO ALLA MARINARA APPETAIS;;DA RIVEDERE MANUALMENTE;SUGO ALLA MARINARA APP'ETAS;"Solo B ha brand [""APP'ETAS""]; SCELTA: B (5.0 vs 0.0)";ALTA
ERRORE_BATTITURA;93%;TOVAGLIOLI MONOHELO SCOTTEX;1;TOVAGLIOLI MONOVOLO SCOTTEX;1;TOVAGLIOLI MONOVELO SCOTTEX;;DA RIVEDERE MANUALMENTE;TOVAGLIOLI MONOHELO SCOTTEX;TIE: fallback a TOVAGLIOLI MONOHELO SCOTTEX (0.0 vs 0.0);BASSA
ERRORE_BATTITURA;93%;IL PESTO DI PRÀ CLASSICO SENZ'AGLIO;1;PESTO DI PRÀ CLASSICO SENZ AGLIO;1;PESTO DI PRÀ CLASSICO SENZ'AGLIO;;DA RIVEDERE MANUALMENTE;PESTO DI PRÀ CLASSICO SENZ AGLIO;TIE: fallback a PESTO DI PRÀ CLASSICO SENZ AGL (0.0 vs 0.0);BASSA
ERRORE_BATTITURA;92%;AFFETTATI VEGETALI STUFFER;1;AFFETTATI VEGETALI STUPPER;1;AFFETTATI VEGETALI STUFFER;;DA RIVEDERE MANUALMENTE;AFFETTATI VEGETALI STUFFER;TIE: fallback a AFFETTATI VEGETALI STUFFER (0.0 vs 0.0);BASSA
ERRORE_BATTITURA;92%;BACON PANCETTA TESA;1;BACON PARCHETTA TESA;1;BACON PANCETTA TESA;;DA RIVEDERE MANUALMENTE;BACON PARCHETTA TESA;"A manca doppia lettera; SCELTA: B (2.0 vs 0.0)";MEDIA
ERRORE_BATTITURA;92%;BAGNODOCCIA NEUTROMED;1;BANDOCCIA NEUTROED;1;BAGNODOCCIA NEUTROMED;;DA RIVEDERE MANUALMENTE;BANDOCCIA NEUTROED;TIE: fallback a BANDOCCIA NEUTROED (0.0 vs 0.0);BASSA
ERRORE_BATTITURA;92%;CAFFÈ QUALITÀ ORO LAVAZZA;1;CAFFÈ QUALITÀ ROSSA LAVAZZA;1;CAFFÈ QUALITÀ ORO LAVAZZA;;DA RIVEDERE MANUALMENTE;CAFFÈ QUALITÀ ORO LAVAZZA;TIE: fallback a CAFFÈ QUALITÀ ORO LAVAZZA (0.0 vs 0.0);BASSA
ERRORE_BATTITURA;92%;FARINA TIPO 0;1;FARINA TIPO 1;1;FARINA TIPO 0;;SONO 2 PRODOTTI DIVERSI;FARINA TIPO 0;TIE: fallback a FARINA TIPO 0 (0.0 vs 0.0);BASSA
ERRORE_BATTITURA;92%;FARINATA GENOVESE APPETAIS;1;FARINATA GENOVESE APPETITE;1;FARINATA GENOVESE APPETAIS;;DA RIVEDERE MANUALMENTE;FARINATA GENOVESE APPETITE;"Solo B ha brand ['APPETITE']; A è forma già confermata; SCELTA: B (5.0 vs 4.0)";MEDIA
ERRORE_BATTITURA;92%;GRAN COPPA FAMIGLIA TOMITTO;1;GRAN COPPA FAMIGLIA TUTTO;1;GRAN COPPA FAMIGLIA TONITTO;;DA RIVEDERE MANUALMENTE;GRAN COPPA FAMIGLIA TUTTO;"Solo B ha brand ['TUTTO']; SCELTA: B (5.0 vs 0.0)";ALTA
ERRORE_BATTITURA;92%;GRAN COPPA FAMIGLIA TOMMITO;1;GRAN COPPA FAMIGLIA TOMMY;1;GRAN COPPA FAMIGLIA TONITTO;;DA RIVEDERE MANUALMENTE;GRAN COPPA FAMIGLIA TOMMY;"Solo B ha brand ['TOMMY']; SCELTA: B (5.0 vs 0.0)";ALTA
ERRORE_BATTITURA;92%;GRAN COPPA FAMIGLIA TONITTO;1;GRAN COPPA FAMIGLIA TUTTO;1;GRAN COPPA FAMIGLIA TONITTO;;DA RIVEDERE MANUALMENTE;GRAN COPPA FAMIGLIA TUTTO;"Solo B ha brand ['TUTTO']; A è forma già confermata; A sembra più italiano (3 vs 1); TIE: fallback a GRAN COPPA FAMIGLIA TUTTO (5.0 vs 5.0)";BASSA
ERRORE_BATTITURA;92%;LATTE UHT GRANAROLO;1;LATTE UNTH GRANAROLO;1;LATTE UHT GRANAROLO;;DA RIVEDERE MANUALMENTE;LATTE UHT GRANAROLO;"B contiene 'UNT' invece di 'UHT'; B contiene 'UNTH' invece di 'UHT'; A è forma già confermata; SCELTA: A (10.0 vs 0.0)";ALTA
ERRORE_BATTITURA;92%;LATTE UHT GRANAROLO;1;LATTE UNTR GRANAROLO;1;LATTE UHT GRANAROLO;;DA RIVEDERE MANUALMENTE;LATTE UHT GRANAROLO;"B contiene 'UNT' invece di 'UHT'; B contiene 'UNTR' invece di 'UHT'; A è forma già confermata; SCELTA: A (10.0 vs 0.0)";ALTA
ERRORE_BATTITURA;92%;LATTICINO FRESCO NAHURELLE;1;LATTICINO FRESCO NATURELLA;1;LATTICINO FRESCO NATURELLA;;DA RIVEDERE MANUALMENTE;LATTICINO FRESCO NATURELLA;"B sembra più italiano (2 vs 1); SCELTA: B (1.0 vs 0.0)";MEDIA
ERRORE_BATTITURA;92%;MINI COPPA FAMIGLIA TONITTO;1;MINI COPPA FAMIGLIA TONNO;1;MINI COPPA FAMIGLIA TONITTO;;DA RIVEDERE MANUALMENTE;MINI COPPA FAMIGLIA TONNO;"Solo B ha brand ['TONNO']; A è forma già confermata; A sembra più italiano (3 vs 1); TIE: fallback a MINI COPPA FAMIGLIA TONNO (5.0 vs 5.0)";BASSA
ERRORE_BATTITURA;92%;PEREHARTO PER DESSERT ELAH;1;PREPARATO PER DESSERT ELAH;1;PREPARATO PER DESSERT ELAH;;DA RIVEDERE MANUALMENTE;PREPARATO PER DESSERT ELAH;"B è forma già confermata; SCELTA: B (4.0 vs 0.0)";ALTA
ERRORE_BATTITURA;92%;POKER MIDORTO;1;POKER MIOORTO;1;POKER MIOORTO;;DA RIVEDERE MANUALMENTE;POKER MIOORTO;"B è forma già confermata; SCELTA: B (4.0 vs 0.0)";ALTA
ERRORE_BATTITURA;92%;SPUGNA VILEDA;1;SPUGNE VILEDA;1;SPUGNA VILEDA;;DA RIVEDERE MANUALMENTE;SPUGNA VILEDA;TIE: fallback a SPUGNA VILEDA (0.0 vs 0.0);BASSA
ERRORE_BATTITURA;92%;VOGURT INTERO;1;YOGURT INTERO;1;VOGURT INTERO;;DA RIVEDERE MANUALMENTE;VOGURT INTERO;TIE: fallback a VOGURT INTERO (0.0 vs 0.0);BASSA
ERRORE_BATTITURA;92%;ZUPPA KOME TE;1;ZUPPE KOME TE;1;ZUPPA KOME TE;;DA RIVEDERE MANUALMENTE;ZUPPA KOME TE;TIE: fallback a ZUPPA KOME TE (0.0 vs 0.0);BASSA
ERRORE_BATTITURA;92%;ASCIUGATORE MONOROTOLO MAXIROLL;1;ASCIUGATUTTO MONOROTOLO MAXIROLL;1;ASCIUGATUTTO MONOROTOLO MAXIROLL;;DA RIVEDERE MANUALMENTE;ASCIUGATUTTO MONOROTOLO MAXIROLL;"Solo B ha brand ['TUTTO']; A manca doppia lettera; SCELTA: B (7.0 vs 0.0)";ALTA
ERRORE_BATTITURA;92%;DETERGENTE INTERNO FELCE AZZURRA;1;DETERGENTE INTIME FELCE AZZURRA;1;DETERGENTE INTERNO FELCE AZZURRA;;DA RIVEDERE MANUALMENTE;DETERGENTE INTERNO FELCE AZZURRA;"B manca doppia lettera; SCELTA: A (2.0 vs 0.0)";MEDIA
ERRORE_BATTITURA;92%;DETERGENTE INTERNO FELCE AZZURRA;1;DETERGENTE INTIMO FELCE AZZURRA;1;DETERGENTE INTIMO FELCE AZZURRA;;DA RIVEDERE MANUALMENTE;DETERGENTE INTIMO FELCE AZZURRA;"B è forma già confermata; B manca doppia lettera; SCELTA: B (4.0 vs 2.0)";MEDIA
ERRORE_BATTITURA;92%;LIQUIDO LAVATRICE DASH CLASSICO;1;LIQUIDO LAVATRICE DIXAN CLASSICO;1;LIQUIDO LAVATRICE DIXAN CLASSICO;;DA RIVEDERE MANUALMENTE;LIQUIDO LAVATRICE DIXAN CLASSICO;"A manca doppia lettera; SCELTA: B (2.0 vs 0.0)";MEDIA
ERRORE_BATTITURA;92%;CODE DI GAMBERI ARGENTINA;1;CODE DI GAMBERO ARGENTINO;1;CODE DI GAMBERO ARGENTINO;;DA RIVEDERE MANUALMENTE;CODE DI GAMBERO ARGENTINO;"B sembra più italiano (1 vs 0); SCELTA: B (1.0 vs 0.0)";MEDIA
ERRORE_BATTITURA;92%;CODE DI GAMBERI ARGENTINI;1;CODE DI GAMBERO ARGENTINO;1;CODE DI GAMBERI ARGENTINI;;DA RIVEDERE MANUALMENTE;CODE DI GAMBERI ARGENTINI;"A è forma già confermata; B sembra più italiano (1 vs 0); SCELTA: A (4.0 vs 1.0)";ALTA
ERRORE_BATTITURA;92%;CONFETTI GUSTI ASSORTITI;1;CONFETTURA GUSTI ASSORTITI;1;CONFETTI GUSTI ASSORTITI;;DA RIVEDERE MANUALMENTE;CONFETTI GUSTI ASSORTITI;TIE: fallback a CONFETTI GUSTI ASSORTITI (0.0 vs 0.0);BASSA
ERRORE_BATTITURA;92%;FILETTI DI TONNO NOSTROMO;1;FILETTI DI TONNO NOSTRONG;1;FILETTI DI TONNO NOSTROMO;;DA RIVEDERE MANUALMENTE;FILETTI DI TONNO NOSTROMO;"Solo B ha brand ['NOSTRONG', 'TONNO']; A è forma già confermata; A sembra più italiano (3 vs 1); TIE: fallback a FILETTI DI TONNO NOSTROMO (5.0 vs 5.0)";BASSA
ERRORE_BATTITURA;92%;TOVAGLIOLI MONOHEVO BRAVO;1;TOVAGLIOLI MONOVELO BRAVO;1;TOVAGLIOLI MONOVELO BRAVO;;DA RIVEDERE MANUALMENTE;TOVAGLIOLI MONOHEVO BRAVO;TIE: fallback a TOVAGLIOLI MONOHEVO BRAVO (0.0 vs 0.0);BASSA
ERRORE_BATTITURA;92%;TOVAGLIOLI MONOHEVO BRAVO;1;TOVAGLIOLI MONOVOLO BRAVO;1;TOVAGLIOLI MONOVELO BRAVO;;DA RIVEDERE MANUALMENTE;TOVAGLIOLI MONOVOLO BRAVO;"B è forma già confermata; SCELTA: B (4.0 vs 0.0)";ALTA
ERRORE_BATTITURA;92%;TOVAGLIOLI MONOVOLO BRAVO;1;TOWAGLIOLI MONOVELO BRAVO;1;TOVAGLIOLI MONOVELO BRAVO;;DA RIVEDERE MANUALMENTE;TOVAGLIOLI MONOVOLO BRAVO;"B contiene 'TOWAGLIOLI' invece di 'TOVAGLIOLI'; A è forma già confermata; SCELTA: A (7.0 vs 0.0)";ALTA
ERRORE_BATTITURA;92%;FILETTI DI PANGASIO;1;FILETTI E PANGASIO;1;FILETTI E PANGASIO;;DA RIVEDERE MANUALMENTE;FILETTI E PANGASIO;TIE: fallback a FILETTI E PANGASIO (0.0 vs 0.0);BASSA
ERRORE_BATTITURA;92%;GORGONZOLA DOP BIO;1;GORGONZOLA DOP IGOR;1;GORGONZOLA DOP BIO;;DA RIVEDERE MANUALMENTE;GORGONZOLA DOP BIO;TIE: fallback a GORGONZOLA DOP BIO (0.0 vs 0.0);BASSA
ERRORE_BATTITURA;92%;LATTE UNT GRANARO;1;LATTE UNTH GRANAROLO;1;LATTE UHT GRANAROLO;;DA RIVEDERE MANUALMENTE;LATTE UNTH GRANAROLO;"Solo B ha brand ['GRANAROLO', 'GRANARO']; B sembra più italiano (3 vs 1); SCELTA: B (6.0 vs 0.0)";ALTA
ERRORE_BATTITURA;92%;LATTE UNT GRANARO;1;LATTE UNTR GRANAROLO;1;LATTE UHT GRANAROLO;;DA RIVEDERE MANUALMENTE;LATTE UNTR GRANAROLO;"Solo B ha brand ['GRANAROLO', 'GRANARO']; B sembra più italiano (3 vs 1); SCELTA: B (6.0 vs 0.0)";ALTA
ERRORE_BATTITURA;92%;OLIVE VERDI DENOCCIOLATE OLIOVI SACLÀ;1;OLIVE VERDI SNOCCIOLATE OLIVOLI SACLÀ;1;OLIVE VERDI SNOCCIOLATE OLIVOIL SACLÀ;;DA RIVEDERE MANUALMENTE;OLIVE VERDI DENOCCIOLATE OLIOVI SACLÀ;TIE: fallback a OLIVE VERDI DENOCCIOLATE OLIOV (0.0 vs 0.0);BASSA
ERRORE_BATTITURA;92%;PATATINA CASRECCIA;1;PATATINE CASERECCIA;1;PATATINE CASERECCIA;;DA RIVEDERE MANUALMENTE;PATATINE CASERECCIA;"B è forma già confermata; A manca doppia lettera; SCELTA: B (6.0 vs 0.0)";ALTA
ERRORE_BATTITURA;92%;SPINATANTA PICCANTE;1;SPINATINA PICCANTE;1;SPIANATA PICCANTE;;DA RIVEDERE MANUALMENTE;SPINATANTA PICCANTE;"B manca doppia lettera; SCELTA: A (2.0 vs 0.0)";MEDIA
ERRORE_BATTITURA;92%;POMODORINI DATTERINO TRIFOGLIO;1;POMODORINI DATTERINO TRIPODOLIO;1;POMODORINI DATTERINO TRIFOGLIO;;DA RIVEDERE MANUALMENTE;POMODORINI DATTERINO TRIFOGLIO;TIE: fallback a POMODORINI DATTERINO TRIFOGLIO (0.0 vs 0.0);BASSA
ERRORE_BATTITURA;92%;CANESTRELLI;1;CANESTRELLINI;1;CANESTRELLI;;DA RIVEDERE MANUALMENTE;CANESTRELLI;TIE: fallback a CANESTRELLI (0.0 vs 0.0);BASSA
ERRORE_BATTITURA;92%;COPPA GELATO;1;COPPE GELATO;1;COPPA GELATO;;DA RIVEDERE MANUALMENTE;COPPA GELATO;TIE: fallback a COPPA GELATO (0.0 vs 0.0);BASSA
ERRORE_BATTITURA;92%;HIPRO DANONE;1;HIPRO ZANONE;1;HIPRO DANONE;;DA RIVEDERE MANUALMENTE;HIPRO DANONE;TIE: fallback a HIPRO DANONE (0.0 vs 0.0);BASSA
ERRORE_BATTITURA;92%;RINGO PAVESA;1;RINGO PAVESI;1;RINGO PAVESI;;DA RIVEDERE MANUALMENTE;RINGO PAVESA;TIE: fallback a RINGO PAVESA (0.0 vs 0.0);BASSA
ERRORE_BATTITURA;92%;132 TOVAGLIOLI MONOVELO SCOTTEX;1;T OVAGLIOLI MONOVELO SCOTTEX;1;TOVAGLIOLI MONOVELO SCOTTEX;;DA RIVEDERE MANUALMENTE;T OVAGLIOLI MONOVELO SCOTTEX;TIE: fallback a T OVAGLIOLI MONOVELO SCOTTEX (0.0 vs 0.0);BASSA
ERRORE_BATTITURA;91%;COSCIOTTI DI POLLO;1;COSCOTTE DI POLLO;1;COSCIOTTI DI POLLO;;DA RIVEDERE MANUALMENTE;COSCIOTTI DI POLLO;"B contiene 'COSCOTTE' invece di 'COSCIOTTI'; A è forma già confermata; B manca doppia lettera; SCELTA: A (9.0 vs 0.0)";ALTA
ERRORE_BATTITURA;91%;COSCIOTTO DI POLLO;1;COSCOTTE DI POLLO;1;COSCIOTTO DI POLLO;;DA RIVEDERE MANUALMENTE;COSCIOTTO DI POLLO;"B manca doppia lettera; SCELTA: A (2.0 vs 0.0)";MEDIA
ERRORE_BATTITURA;91%;COSCIOTTO DI POLLO;1;COSCOTTI DI POLLO;1;COSCIOTTI DI POLLO;;DA RIVEDERE MANUALMENTE;COSCOTTI DI POLLO;"Solo B ha brand ['SCOTTI']; B manca doppia lettera; SCELTA: B (5.0 vs 2.0)";ALTA
ERRORE_BATTITURA;91%;POMODORI CILEGINO;1;POMODORO CILIEGINO;1;POMODORO CILIEGINO;;DA RIVEDERE MANUALMENTE;POMODORO CILIEGINO;"B è forma già confermata; SCELTA: B (4.0 vs 0.0)";ALTA
ERRORE_BATTITURA;91%;SGGRASSATORE UNILEVERE CHANTE CLAIR;1;SGRASSATORE UNIVERSALE CHANTE CLAIR;1;SGRASSATORE UNIVERSALE CHANTE CLAIR;;DA RIVEDERE MANUALMENTE;SGRASSATORE UNIVERSALE CHANTE CLAIR;"B è forma già confermata; SCELTA: B (4.0 vs 0.0)";ALTA
ERRORE_BATTITURA;91%;SGRASSATORE UNIVERSALE CHAMTE CLAIR;1;SGRAZZATORE UNIVERSALE CHANTE CLAIR;1;SGRASSATORE UNIVERSALE CHANTE CLAIR;;DA RIVEDERE MANUALMENTE;SGRASSATORE UNIVERSALE CHAMTE CLAIR;"Solo A ha brand ['CHAMTE CLAIR']; SCELTA: A (5.0 vs 0.0)";ALTA
ERRORE_BATTITURA;91%;SPIANATA PICCANTE;1;SPINATINA PICCANTE;1;SPIANATA PICCANTE;;DA RIVEDERE MANUALMENTE;SPIANATA PICCANTE;"A è forma già confermata; A manca doppia lettera; SCELTA: A (4.0 vs 2.0)";MEDIA
ERRORE_BATTITURA;91%;BIETA BERETTA A CUBETTI;1;BIETA ERBETTA I CUBETTI;1;BIETA ERBETTA A CUBETTI;;DA RIVEDERE MANUALMENTE;BIETA ERBETTA I CUBETTI;"B è forma già confermata; SCELTA: B (4.0 vs 1.0)";ALTA
ERRORE_BATTITURA;91%;BISCOTTATE MULINO BIANCO;1;BISCOTTI MULINO BIANCO;1;BISCOTTI MULINO BIANCO;;DA RIVEDERE MANUALMENTE;BISCOTTI MULINO BIANCO;"Solo B ha brand ['SCOTTI']; SCELTA: B (5.0 vs 0.0)";ALTA
ERRORE_BATTITURA;91%;INSALATA PER RISO POLLI;1;INSALATA PER RISO PONTI;1;INSALATA PER RISO POLLI;;DA RIVEDERE MANUALMENTE;INSALATA PER RISO POLLI;"A sembra più italiano (1 vs 0); SCELTA: A (1.0 vs 0.0)";MEDIA
ERRORE_BATTITURA;91%;BASTONCINI DI VERDURE SPINACI;1;BASTONCINI VERDURE E SPINACI;1;BASTONCINI VERDURE E SPINACI;;DA RIVEDERE MANUALMENTE;BASTONCINI VERDURE E SPINACI;TIE: fallback a BASTONCINI VERDURE E SPINACI (0.0 vs 0.0);BASSA
ERRORE_BATTITURA;91%;LATTE UNMILK ALTA DIGERIBILITÀ;1;LATTE UNT ALTA DIGERIBILITÀ;1;LATTE UHT ALTA DIGERIBILITÀ;;DA RIVEDERE MANUALMENTE;LATTE UNT ALTA DIGERIBILITÀ;TIE: fallback a LATTE UNT ALTA DIGERIBILITÀ (0.0 vs 0.0);BASSA
ERRORE_BATTITURA;91%;MÜLLER THURGAU TREVEMIZE IGT;1;MÜLLER THURGAU TREVENEZIE IGT;1;MÜLLER THURGAU TREVENEZIE IGT;;DA RIVEDERE MANUALMENTE;MÜLLER THURGAU TREVEMIZE IGT;TIE: fallback a MÜLLER THURGAU TREVEMIZE IGT (0.0 vs 0.0);BASSA
ERRORE_BATTITURA;91%;DOLCI PRONTI PROFILEROLES/TIRAMISU;1;DOLCI PRONTI PROFITEROLES,TIRAMISÙ;1;DOLCI PRONTI PROFITEROLES,TIRAMISÙ;;DA RIVEDERE MANUALMENTE;DOLCI PRONTI PROFILEROLES/TIRAMISU;TIE: fallback a DOLCI PRONTI PROFILEROLES/TIRA (0.0 vs 0.0);BASSA
ERRORE_BATTITURA;91%;BEVANDA VEGETALE ALPRO;1;BEVANDE VEGETALI ALPRO;1;BEVANDA VEGETALE ALPRO;;DA RIVEDERE MANUALMENTE;BEVANDA VEGETALE ALPRO;TIE: fallback a BEVANDA VEGETALE ALPRO (0.0 vs 0.0);BASSA
ERRORE_BATTITURA;91%;BISCOTTI COLLESSI ZUPPALLETTE;1;BISCOTTI COLUSI ZUPPALETTE;1;BISCOTTI COLUSSI ZUPPALATTE;;DA RIVEDERE MANUALMENTE;BISCOTTI COLUSI ZUPPALETTE;"Solo B ha brand ['COLUSI', 'SCOTTI']; B manca doppia lettera; SCELTA: B (5.0 vs 2.0)";ALTA
ERRORE_BATTITURA;91%;BOCCONCINI PER CANI BUFFALO;1;BOCCONCINI PER GATTI BUFFALO;1;BOCCONCINI PER GATTI BUFFALO;;DA RIVEDERE MANUALMENTE;BOCCONCINI PER GATTI BUFFALO;"A manca doppia lettera; SCELTA: B (2.0 vs 0.0)";MEDIA
ERRORE_BATTITURA;91%;CAMOMILLA CON MELATONINA SOGNIDORO;1;CAMOMILLA MELATONINA SOGNI D'ORO;1;CAMOMILLA CON MELATONINA SOGNIDORO;;DA RIVEDERE MANUALMENTE;CAMOMILLA CON MELATONINA SOGNIDORO;SCELTA: A (1.0 vs 0.0);MEDIA
ERRORE_BATTITURA;91%;CROCCANTINI PER CANI CIUFFI;1;CROCCANTINI PER GATTI CIUFFI;1;CROCCANTINI PER GATTI CIUFFI;;DA RIVEDERE MANUALMENTE;CROCCANTINI PER GATTI CIUFFI;"B è forma già confermata; A manca doppia lettera; SCELTA: B (6.0 vs 0.0)";ALTA
ERRORE_BATTITURA;91%;CROCCHETTE PER CANI PREMIUM;1;CROCCHETTE PER GATTI PREMIUM;1;CROCCHETTE PER CANI PREMIUM;;DA RIVEDERE MANUALMENTE;CROCCHETTE PER CANI PREMIUM;"A è forma già confermata; SCELTA: A (4.0 vs 0.0)";ALTA
ERRORE_BATTITURA;91%;GRAN COPPA FAMIGLIA TRITTO;1;GRAN COPPA FAMIGLIOLA TONITTO;1;GRAN COPPA FAMIGLIA TONITTO;;DA RIVEDERE MANUALMENTE;GRAN COPPA FAMIGLIA TRITTO;"Solo A ha brand ['TRITTO']; B sembra più italiano (3 vs 1); SCELTA: A (5.0 vs 1.0)";ALTA
ERRORE_BATTITURA;91%;LE FETTE BISCOTTATE INTEGRALI BIO GRISSINBON;1;LE FRESCHE BISCOTTATE INTEGRALI BIO GRISSBON;1;LE FETTE BISCOTTATE INTEGRALI BIO GRISSINBON;;DA RIVEDERE MANUALMENTE;LE FETTE BISCOTTATE INTEGRALI BIO GRISSINBON;TIE: fallback a LE FETTE BISCOTTATE INTEGRALI  (0.0 vs 0.0);BASSA
ERRORE_BATTITURA;91%;MINI COPPA FAMIGLIA CORNETTO;1;MINI COPPA FAMIGLIA TONITTO;1;MINI COPPA FAMIGLIA TONITTO;;DA RIVEDERE MANUALMENTE;MINI COPPA FAMIGLIA TONITTO;"Solo B ha brand ['TONITTO']; B è forma già confermata; B sembra più italiano (3 vs 2); B manca doppia lettera; SCELTA: B (10.0 vs 2.0)";ALTA
ERRORE_BATTITURA;91%;OLIVE NERE DENOCCOLATE;1;OLIVE NERE SNOCCEOLATE;1;OLIVE NERE DENOCCIOLATE;;DA RIVEDERE MANUALMENTE;OLIVE NERE DENOCCOLATE;TIE: fallback a OLIVE NERE DENOCCOLATE (0.0 vs 0.0);BASSA
ERRORE_BATTITURA;91%;SALSA SACLÀ;1;SALSE SACLÀ;1;SALSA SACLÀ;;DA RIVEDERE MANUALMENTE;SALSA SACLÀ;TIE: fallback a SALSA SACLÀ (0.0 vs 0.0);BASSA
ERRORE_BATTITURA;91%;SUGHI PRONTI GUSTI ASSORTITI;1;SUGO PRONTO GUSTI ASSORTITI;1;SUGO PRONTO GUSTI ASSORTITI;;DA RIVEDERE MANUALMENTE;SUGO PRONTO GUSTI ASSORTITI;"B è forma già confermata; B manca doppia lettera; SCELTA: B (4.0 vs 2.0)";MEDIA
ERRORE_BATTITURA;91%;SUGO SCOGLIO APPETATIS;1;SUGO SCOGLIO APPETTASI;1;SUGO SCOGLIO APPETTAIS;;DA RIVEDERE MANUALMENTE;SUGO SCOGLIO APPETTASI;"Solo B ha brand ['APPETTASI']; SCELTA: B (5.0 vs 0.0)";ALTA
ERRORE_BATTITURA;91%;UOVO SONIC DOLCI;1;UOVO SONIC DOLFIN;1;UOVO SONIC DOLFIN;;DA RIVEDERE MANUALMENTE;UOVO SONIC DOLCI;TIE: fallback a UOVO SONIC DOLCI (0.0 vs 0.0);BASSA
ERRORE_BATTITURA;91%;CARPACCIO DI BRESOLA PUNTA D'ANCA RIGAMONTI;1;CARPACCIO DI IRRESALA PURA D'ANCA RIGAMONTI;1;CARPACCIO DI BRESOLA PUNTA D'ANCA RIGAMONTI;;DA RIVEDERE MANUALMENTE;CARPACCIO DI BRESOLA PUNTA D'ANCA RIGAMONTI;TIE: fallback a CARPACCIO DI BRESOLA PUNTA D'A (0.0 vs 0.0);BASSA
ERRORE_BATTITURA;91%;BISCOTTI DEL LACAGLIACO PANARELLO;1;BISCOTTI DEL LAGACCIO PANARELLO;1;BISCOTTI DEL LAGACCIO PANARELLO;;DA RIVEDERE MANUALMENTE;BISCOTTI DEL LAGACCIO PANARELLO;"A contiene 'LACAGLIACO' invece di 'LAGACCIO'; B è forma già confermata; SCELTA: B (7.0 vs 0.0)";ALTA
ERRORE_BATTITURA;91%;BISCOTTI DEL LACAGLIACO PANARELLO;1;BISCOTTI DEL LAGGACIO PANARELLO;1;BISCOTTI DEL LAGACCIO PANARELLO;;DA RIVEDERE MANUALMENTE;BISCOTTI DEL LAGGACIO PANARELLO;TIE: fallback a BISCOTTI DEL LAGGACIO PANARELL (0.0 vs 0.0);BASSA
ERRORE_BATTITURA;91%;DETERGENTE INTIME NEUTROMED;1;DETIGENTE INTIMO NEUTROMED;1;DETERGENTE INTIMO NEUTROMED;;DA RIVEDERE MANUALMENTE;DETIGENTE INTIMO NEUTROMED;TIE: fallback a DETIGENTE INTIMO NEUTROMED (0.0 vs 0.0);BASSA
ERRORE_BATTITURA;91%;FARINATA GENOVESE APPETITE;1;FARINATA GENOVESE APPETTAIS;1;FARINATA GENOVESE APPETAIS;;DA RIVEDERE MANUALMENTE;FARINATA GENOVESE APPETITE;"Solo A ha brand ['APPETITE']; B sembra più italiano (3 vs 1); A manca doppia lettera; SCELTA: A (5.0 vs 3.0)";MEDIA
ERRORE_BATTITURA;91%;GAMBERI ARGENTINI SELVAGGI;1;GAMBERO ARGENTINO SELVAGGIO;1;GAMBERI ARGENTINI SELVAGGI;;DA RIVEDERE MANUALMENTE;GAMBERI ARGENTINI SELVAGGI;TIE: fallback a GAMBERI ARGENTINI SELVAGGI (0.0 vs 0.0);BASSA
ERRORE_BATTITURA;91%;GRAN COPPA FAMIGLIA TOMMITO;1;GRAN COPPA FAMIGLIA TRITTO;1;GRAN COPPA FAMIGLIA TONITTO;;DA RIVEDERE MANUALMENTE;GRAN COPPA FAMIGLIA TRITTO;"Solo B ha brand ['TRITTO']; SCELTA: B (5.0 vs 0.0)";ALTA
ERRORE_BATTITURA;91%;PEREHARTO PER DESSERT ELAH;1;PREPARATO PER DESSERT ELIAH;1;PREPARATO PER DESSERT ELAH;;DA RIVEDERE MANUALMENTE;PEREHARTO PER DESSERT ELAH;TIE: fallback a PEREHARTO PER DESSERT ELAH (0.0 vs 0.0);BASSA
ERRORE_BATTITURA;91%;SUGO ALLE VONGOLE APERTAIS;1;SUGO ALLE VONGOLE PAPAITAIS;1;SUGO ALLE VONGOLE APPETAIS;;DA RIVEDERE MANUALMENTE;SUGO ALLE VONGOLE PAPAITAIS;"Solo B ha brand ['PAPAITAIS']; SCELTA: B (5.0 vs 0.0)";ALTA
ERRORE_BATTITURA;91%;SUGO ALLE VONGOLE APPETAIS;1;SUGO ALLE VONGOLE PAPAITAIS;1;SUGO ALLE VONGOLE APPETAIS;;DA RIVEDERE MANUALMENTE;SUGO ALLE VONGOLE PAPAITAIS;"Solo B ha brand ['PAPAITAIS']; A è forma già confermata; SCELTA: B (5.0 vs 4.0)";MEDIA
ERRORE_BATTITURA;90%;PRALINE AL CIOCCOLATO;1;PRALINE DI CIOCCOLATO;1;PRALINE AL CIOCCOLATO;;DA RIVEDERE MANUALMENTE;PRALINE AL CIOCCOLATO;TIE: fallback a PRALINE AL CIOCCOLATO (0.0 vs 0.0);BASSA
ERRORE_BATTITURA;90%;CALAMARO INDOPACIFICO ANELLE E CUPPI;1;CALAMARO INDOPACIFICO ANELLI E CIUFFI;1;CALAMARO INDOPACIFICO ANELLI E CIUFFI;;DA RIVEDERE MANUALMENTE;CALAMARO INDOPACIFICO ANELLE E CUPPI;TIE: fallback a CALAMARO INDOPACIFICO ANELLE E (0.0 vs 0.0);BASSA
ERRORE_BATTITURA;90%;OLIVE VERDI DENOCCIOLATE OLIOVI SACLÀ;1;OLIVE VERDI DENOCCOLATE OLIVOLI SALA;1;OLIVE VERDI DENOCCOLATE OLIVOIL SACLÀ;;DA RIVEDERE MANUALMENTE;OLIVE VERDI DENOCCOLATE OLIVOLI SALA;TIE: fallback a OLIVE VERDI DENOCCOLATE OLIVOL (0.0 vs 0.0);BASSA
ERRORE_BATTITURA;90%;OLIVE VERDI DENOCCOLATE OLIVOLI SALA;1;OLIVE VERDI SNOCCIOLATE OLIVOLI SACLÀ;1;OLIVE VERDI DENOCCOLATE OLIVOIL SACLÀ;;DA RIVEDERE MANUALMENTE;OLIVE VERDI DENOCCOLATE OLIVOLI SALA;TIE: fallback a OLIVE VERDI DENOCCOLATE OLIVOL (0.0 vs 0.0);BASSA
ERRORE_BATTITURA;90%;BISCOTTI DEL LACAGGIO PANARELLO;1;BISCOTTI DEL LAGACCIO PANARELLO;1;BISCOTTI DEL LAGACCIO PANARELLO;;DA RIVEDERE MANUALMENTE;BISCOTTI DEL LAGACCIO PANARELLO;"A contiene 'LACAGGIO' invece di 'LAGACCIO'; B è forma già confermata; SCELTA: B (7.0 vs 0.0)";ALTA
ERRORE_BATTITURA;90%;BISCOTTI DEL LACAGGIO PANARELLO;1;BISCOTTI DEL LEPAGCIO PANARELLO;1;BISCOTTI DEL LAGACCIO PANARELLO;;DA RIVEDERE MANUALMENTE;BISCOTTI DEL LACAGGIO PANARELLO;TIE: fallback a BISCOTTI DEL LACAGGIO PANARELL (0.0 vs 0.0);BASSA
ERRORE_BATTITURA;90%;DETERGENTE TRIP;1;DETERGENTE VETRI;1;DETERGENTE VETRI;;DA RIVEDERE MANUALMENTE;DETERGENTE VETRI;"B è forma già confermata; SCELTA: B (4.0 vs 0.0)";ALTA
ERRORE_BATTITURA;90%;RISO IBE SCOTTI;1;RISO RICE SCOTTI;1;RISO RICE SCOTTI;;DA RIVEDERE MANUALMENTE;RISO RICE SCOTTI;"A manca doppia lettera; SCELTA: B (2.0 vs 0.0)";MEDIA
ERRORE_BATTITURA;90%;SOFFICINI FINDUS;1;SOFFRINI FINDUS;1;SOFFICINI FINDUS;;DA RIVEDERE MANUALMENTE;SOFFICINI FINDUS;"A è forma già confermata; SCELTA: A (4.0 vs 0.0)";ALTA
ERRORE_BATTITURA;90%;SOFFICINI FINUS;1;SOFFYCINI FINDUS;1;SOFFICINI FINDUS;;DA RIVEDERE MANUALMENTE;SOFFYCINI FINDUS;"Solo B ha brand ['FINDUS']; B sembra più italiano (3 vs 1); SCELTA: B (6.0 vs 0.0)";ALTA
ERRORE_BATTITURA;90%;SOFFRINI FINDUS;1;SOFFYCINI FINDUS;1;SOFFICINI FINDUS;;DA RIVEDERE MANUALMENTE;SOFFRINI FINDUS;TIE: fallback a SOFFRINI FINDUS (0.0 vs 0.0);BASSA
ERRORE_BATTITURA;90%;BISCOTTI E CEREALI NIPOL;1;BISCOTTINI 6 CEREALI NIPIOL;1;BISCOTTI E CEREALI NIPIOL;;DA RIVEDERE MANUALMENTE;BISCOTTI E CEREALI NIPOL;"Solo A ha brand ['SCOTTI', 'NIPOL']; B sembra più italiano (3 vs 1); SCELTA: A (6.0 vs 1.0)";ALTA
ERRORE_BATTITURA;90%;BOCCONCINI PER CANI SIMBA;1;BOCCONCINI PER GATTI SIMBA;1;BOCCONCINI PER CANI SIMBA;;DA RIVEDERE MANUALMENTE;BOCCONCINI PER CANI SIMBA;TIE: fallback a BOCCONCINI PER CANI SIMBA (0.0 vs 0.0);BASSA
ERRORE_BATTITURA;90%;FILETTI DI ALICI DELICHINE;1;FILETTI DI ALICI DELICIUS;1;FILETTI DI ALICI DELICIUS;;DA RIVEDERE MANUALMENTE;FILETTI DI ALICI DELICIUS;"Solo B ha brand ['DELICIUS']; B sembra più italiano (3 vs 1); SCELTA: B (6.0 vs 0.0)";ALTA
ERRORE_BATTITURA;90%;SUGO ALLE VONGOLE APETIS;1;SUGO ALLE VONGOLE PAPAITAIS;1;SUGO ALLE VONGOLE APPETAIS;;DA RIVEDERE MANUALMENTE;SUGO ALLE VONGOLE PAPAITAIS;"Solo B ha brand ['PAPAITAIS']; SCELTA: B (5.0 vs 0.0)";ALTA
ERRORE_BATTITURA;90%;SGGRASSATORE UNILEVERE CHANTE CLAIR;1;SGRASSATORE UNIVERSALE CHANTE CLAIRE;1;SGRASSATORE UNIVERSALE CHANTE CLAIR;;DA RIVEDERE MANUALMENTE;SGRASSATORE UNIVERSALE CHANTE CLAIRE;"Solo B ha brand ['CHANTE CLAIR', 'CHANTE CLAIRE']; B sembra più italiano (2 vs 1); SCELTA: B (6.0 vs 0.0)";ALTA
ERRORE_BATTITURA;90%;SALSA AGROMONTE DATTERINO CILIEGINO E BASILICO;1;SALSA AGRONUTRI DATTERNO, CILIEGIO E BASILICO;1;SALSA AGROMONTE DATTERINO CILIEGINO E BASILICO;;DA RIVEDERE MANUALMENTE;SALSA AGRONUTRI DATTERNO, CILIEGIO E BASILICO;TIE: fallback a SALSA AGRONUTRI DATTERNO, CILI (0.0 vs 0.0);BASSA
ERRORE_BATTITURA;90%;AMMORBIDENTE CONCENTRATO VERCNE;1;AMMORBIDENTE CONCENTRATO VEST;1;AMMORBIDENTE CONCENTRATO VEST;;DA RIVEDERE MANUALMENTE;AMMORBIDENTE CONCENTRATO VEST;TIE: fallback a AMMORBIDENTE CONCENTRATO VEST (0.0 vs 0.0);BASSA
ERRORE_BATTITURA;90%;AMMORBIDENTE CONCENTRATO VERNEL;1;AMMORBIDENTE CONCENTRATO VEST;1;AMMORBIDENTE CONCENTRATO VERNEL;;SONO 2 PRODOTTI DIVERSI;AMMORBIDENTE CONCENTRATO VERNEL;"A è forma già confermata; SCELTA: A (4.0 vs 0.0)";ALTA
ERRORE_BATTITURA;90%;CIAMBELLA ZUCCHERATA;1;CIAMBELLE ZUCCHERATE;1;CIAMBELLA ZUCCHERATA;;DA RIVEDERE MANUALMENTE;CIAMBELLA ZUCCHERATA;TIE: fallback a CIAMBELLA ZUCCHERATA (0.0 vs 0.0);BASSA
ERRORE_BATTITURA;90%;LATTE UNIL;1;LATTE UNIT;1;LATTE UHT;;DA RIVEDERE MANUALMENTE;LATTE UNIL;TIE: fallback a LATTE UNIL (0.0 vs 0.0);BASSA
ERRORE_BATTITURA;90%;LATTE UNITE;1;LATTE UNT;1;LATTE UHT;;DA RIVEDERE MANUALMENTE;LATTE UNT;TIE: fallback a LATTE UNT (0.0 vs 0.0);BASSA
ERRORE_BATTITURA;90%;MELE BENETTE MELINDA;1;MELE RENETTA MELINDA;1;MELE RENETTA MELINDA;;DA RIVEDERE MANUALMENTE;MELE BENETTE MELINDA;TIE: fallback a MELE BENETTE MELINDA (0.0 vs 0.0);BASSA
ERRORE_BATTITURA;90%;MIX HÜLLER;1;MIX MÜLLER;1;MIX MÜLLER;;DA RIVEDERE MANUALMENTE;MIX HÜLLER;TIE: fallback a MIX HÜLLER (0.0 vs 0.0);BASSA
ERRORE_BATTITURA;90%;MOUSSE DI BIANCO SOFFIO MÜLLER;1;MOUSSE DI BIANCO SPOTTO MÜLLER;1;MOUSSE DI BIANCO SOFFIO MÜLLER;;DA RIVEDERE MANUALMENTE;MOUSSE DI BIANCO SOFFIO MÜLLER;TIE: fallback a MOUSSE DI BIANCO SOFFIO MÜLLER (0.0 vs 0.0);BASSA
ERRORE_BATTITURA;90%;MOZZARELLA;1;MOZZARELLE;1;MOZZARELLA;;DA RIVEDERE MANUALMENTE;MOZZARELLA;"A sembra più italiano (2 vs 1); SCELTA: A (1.0 vs 0.0)";MEDIA
ERRORE_BATTITURA;90%;PANNI CATTURA POLVERE SWIFFER;1;PIUMINI CATTURA POLVERE SWIFFER;1;PANNI CATTURA POLVERE SWIFFER;;DA RIVEDERE MANUALMENTE;PANNI CATTURA POLVERE SWIFFER;TIE: fallback a PANNI CATTURA POLVERE SWIFFER (0.0 vs 0.0);BASSA
ERRORE_BATTITURA;90%;SALAME AL CIOCCOLATO;1;SALAME DI CIOCCOLATO;1;SALAME DI CIOCCOLATO;;DA RIVEDERE MANUALMENTE;SALAME DI CIOCCOLATO;"B è forma già confermata; SCELTA: B (4.0 vs 0.0)";ALTA
ORDINE_PAROLE;100%;CIOBAR CUOR DI CIOBAR;1;CUOR DI CIOBAR;1;CUOR DI CIOBAR;;DA RIVEDERE MANUALMENTE;CUOR DI CIOBAR;"B è forma già confermata; Stesse parole, ordine diverso; SCELTA: B (4.0 vs 0.0)";ALTA
ORDINE_PAROLE;100%;CONFETTURA DI FRUTTA VIRTÙ BIO OROGEL;1;CONFETTURA VIRTÙ DI FRUTTA BIO OROGEL;1;CONFETTURA DI FRUTTA VIRTÙ BIO OROGEL;;DA RIVEDERE MANUALMENTE;CONFETTURA DI FRUTTA VIRTÙ BIO OROGEL;"Stesse parole, ordine diverso; TIE: fallback a CONFETTURA DI FRUTTA VIRTÙ BIO (0.0 vs 0.0)";BASSA
ORDINE_PAROLE;100%;LA COLOMBA BALOCCO CLASSICA;1;LA COLOMBA CLASSICA BALOCCO;1;LA COLOMBA BALOCCO CLASSICA;;DA RIVEDERE MANUALMENTE;LA COLOMBA BALOCCO CLASSICA;"A sembra più italiano (2 vs 1); Stesse parole, ordine diverso; SCELTA: A (1.0 vs 0.0)";MEDIA
ORDINE_PAROLE;100%;TOVAGLIETTE AMERICANE TUTTO;1;TUTTO TOVAGLIETTE AMERICANE;1;TOVAGLIETTE AMERICANE TUTTO;;DA RIVEDERE MANUALMENTE;TOVAGLIETTE AMERICANE TUTTO;"Stesse parole, ordine diverso; TIE: fallback a TOVAGLIETTE AMERICANE TUTTO (0.0 vs 0.0)";BASSA
